Transaction Date,Type,Order,Card Brand,Card Source,Payout Status,Payout Date,Available On,Amount,Fee,Net,Checkout,Payment Method Name,Presentment Amount,Presentment Currency,Currency
2025-11-05 12:01:09 -0500,refund,#40476,visa,online,paid,2025-11-07,2025-11-07,-30.05,0.00,-30.05,#38090757013761,card,30.05,USD,USD
2025-11-05 09:55:53 -0500,refund,#40375,visa,online,paid,2025-11-07,2025-11-06,-67.90,0.00,-67.90,#38087505608961,card,67.90,USD,USD
2025-11-05 00:05:48 -0500,shop_cash_credit,#40539,unknown,online,paid,2025-11-07,2025-11-05,15.00,0.37,14.63,,,,,USD
2025-11-04 21:29:20 -0500,marketplace sales tax,#40560,unknown,online,paid,2025-11-07,2025-11-05,-9.52,0.00,-9.52,,,,,USD
2025-11-04 19:03:31 -0500,marketplace sales tax,#40539,unknown,online,paid,2025-11-07,2025-11-05,-3.78,0.00,-3.78,,,,,USD
2025-11-04 19:03:10 -0500,shop_cash_campaign_billing_debit,#40539,unknown,online,paid,2025-11-07,2025-11-05,-27.00,0.00,-27.00,,,,,USD
2025-11-04 18:58:25 -0500,charge,#40536,american_express,online,paid,2025-11-07,2025-11-07,28.25,1.22,27.03,#38060178800897,card,28.25,USD,USD
2025-11-04 18:37:23 -0500,charge,#40534,visa,online,paid,2025-11-07,2025-11-07,28.25,1.05,27.20,#38091953799425,card,28.25,USD,USD
2025-11-04 18:11:07 -0500,charge,#40532,visa,online,paid,2025-11-07,2025-11-07,76.13,4.79,71.34,#38091884036353,shop_pay_installments,76.13,USD,USD
2025-11-04 18:06:27 -0500,shop_cash_credit,#40487,unknown,online,paid,2025-11-07,2025-11-04,15.00,0.37,14.63,,,,,USD
2025-11-04 18:06:27 -0500,shop_cash_credit,#40526,unknown,online,paid,2025-11-07,2025-11-04,15.68,0.39,15.29,,,,,USD
2025-11-04 17:52:23 -0500,charge,#40531,visa,online,paid,2025-11-07,2025-11-07,41.94,1.41,40.53,#38091838324993,card,41.94,USD,USD
2025-11-04 17:48:59 -0500,charge,#40530,master,online,paid,2025-11-07,2025-11-07,205.62,5.75,199.87,#38091836555521,card,205.62,USD,USD
2025-11-04 17:19:27 -0500,charge,#40529,visa,online,paid,2025-11-07,2025-11-07,114.78,3.34,111.44,#38091763220737,card,114.78,USD,USD
2025-11-04 17:03:52 -0500,charge,#40528,master,online,paid,2025-11-07,2025-11-07,70.97,2.18,68.79,#38091722195201,card,70.97,USD,USD
2025-11-04 16:54:56 -0500,charge,#40527,visa,online,paid,2025-11-07,2025-11-07,90.16,2.69,87.47,#38091704041729,card,90.16,USD,USD
2025-11-04 16:49:21 -0500,charge,#40280,unknown,online,paid,2025-11-07,2025-11-07,103.53,2.89,100.64,#38084093214977,card,103.53,USD,USD
2025-11-04 16:34:38 -0500,marketplace sales tax,#40526,unknown,online,paid,2025-11-07,2025-11-04,-2.96,0.00,-2.96,,,,,USD
2025-11-04 16:34:18 -0500,shop_cash_campaign_billing_debit,#40526,unknown,online,paid,2025-11-07,2025-11-04,-27.00,0.00,-27.00,,,,,USD
2025-11-04 16:34:17 -0500,charge,#40526,visa,online,paid,2025-11-07,2025-11-07,41.18,1.39,39.79,#38091651318017,card,41.18,USD,USD
2025-11-04 16:31:02 -0500,charge,#40525,visa,online,paid,2025-11-07,2025-11-07,38.61,1.33,37.28,#38080707002625,card,38.61,USD,USD
2025-11-04 16:26:48 -0500,charge,#40524,master,online,paid,2025-11-07,2025-11-07,53.90,3.48,50.42,#38091632410881,shop_pay_installments,53.90,USD,USD
2025-11-04 16:07:20 -0500,charge,#40522,master,online,paid,2025-11-07,2025-11-07,30.94,1.12,29.82,#38091580997889,card,30.94,USD,USD
2025-11-04 15:52:02 -0500,charge,#40520,master,online,paid,2025-11-07,2025-11-07,53.90,1.73,52.17,#38091522474241,card,53.90,USD,USD
2025-11-04 15:33:28 -0500,charge,#40519,visa,online,paid,2025-11-07,2025-11-07,32.80,1.17,31.63,#38091488985345,card,32.80,USD,USD
2025-11-04 15:32:55 -0500,charge,#40518,discover,online,paid,2025-11-07,2025-11-07,34.55,1.21,33.34,#38091486691585,card,34.55,USD,USD
2025-11-04 15:21:00 -0500,charge,#40517,master,online,paid,2025-11-07,2025-11-07,61.11,1.92,59.19,#38091452449025,card,61.11,USD,USD
2025-11-04 15:20:03 -0500,charge,#40516,american_express,online,paid,2025-11-07,2025-11-07,53.90,2.05,51.85,#38091443077377,card,53.90,USD,USD
2025-11-04 14:56:34 -0500,charge,#40515,visa,online,paid,2025-11-07,2025-11-07,53.90,1.73,52.17,#38091385962753,card,53.90,USD,USD
2025-11-04 14:51:03 -0500,charge,#40514,visa,online,paid,2025-11-07,2025-11-07,155.30,4.41,150.89,#38091367153921,card,155.30,USD,USD
2025-11-04 14:50:20 -0500,charge,#40513,visa,online,paid,2025-11-07,2025-11-07,96.96,2.87,94.09,#38091361222913,card,96.96,USD,USD
2025-11-04 14:47:35 -0500,charge,#40512,visa,online,paid,2025-11-07,2025-11-07,30.23,1.29,28.94,#38091332452609,card,30.23,USD,USD
2025-11-04 14:38:48 -0500,charge,#40511,master,online,paid,2025-11-07,2025-11-07,152.73,4.35,148.38,#38091300110593,card,152.73,USD,USD
2025-11-04 14:37:30 -0500,charge,#40510,discover,online,paid,2025-11-07,2025-11-07,112.96,6.96,106.00,#38091328815361,shop_pay_installments,112.96,USD,USD
2025-11-04 14:35:37 -0500,charge,#40509,master,online,paid,2025-11-07,2025-11-07,53.90,1.73,52.17,#38091324719361,card,53.90,USD,USD
2025-11-04 14:34:08 -0500,charge,#40508,visa,online,paid,2025-11-07,2025-11-07,64.48,2.01,62.47,#38091319345409,card,64.48,USD,USD
2025-11-04 14:33:58 -0500,charge,#40507,visa,online,paid,2025-11-07,2025-11-07,54.50,1.74,52.76,#38091315937537,card,54.50,USD,USD
2025-11-04 14:30:53 -0500,charge,#40506,master,online,paid,2025-11-07,2025-11-07,61.11,1.92,59.19,#38091310465281,card,61.11,USD,USD
2025-11-04 14:26:10 -0500,charge,#40505,visa,online,paid,2025-11-07,2025-11-07,182.70,5.14,177.56,#38091298046209,card,182.70,USD,USD
2025-11-04 14:25:05 -0500,charge,#40504,master,online,paid,2025-11-07,2025-11-07,109.62,3.20,106.42,#38091294605569,card,109.62,USD,USD
2025-11-04 14:23:19 -0500,charge,#40503,master,online,paid,2025-11-07,2025-11-07,58.29,1.85,56.44,#38091288477953,card,58.29,USD,USD
2025-11-04 14:10:11 -0500,charge,#40501,visa,online,paid,2025-11-07,2025-11-07,109.12,3.19,105.93,#38091253317889,card,109.12,USD,USD
2025-11-04 14:07:06 -0500,charge,#40500,master,online,paid,2025-11-07,2025-11-07,229.67,6.38,223.29,#38091237949697,card,229.67,USD,USD
2025-11-04 14:05:22 -0500,charge,#40499,master,online,paid,2025-11-07,2025-11-07,72.77,4.59,68.18,#38090552049921,shop_pay_installments,72.77,USD,USD
2025-11-04 13:45:58 -0500,charge,#40226,unknown,online,paid,2025-11-07,2025-11-07,51.81,1.60,50.21,#38082936242433,card,51.81,USD,USD
2025-11-04 13:45:40 -0500,charge,#40218,unknown,online,paid,2025-11-07,2025-11-07,51.81,1.60,50.21,#38082747400449,card,51.81,USD,USD
2025-11-04 13:45:26 -0500,charge,#40213,unknown,online,paid,2025-11-07,2025-11-07,51.81,1.60,50.21,#38082416050433,card,51.81,USD,USD
2025-11-04 13:36:16 -0500,charge,#40495,master,online,paid,2025-11-07,2025-11-07,113.98,7.02,106.96,#38091147575553,shop_pay_installments,113.98,USD,USD
2025-11-04 13:36:07 -0500,charge,#40494,visa,online,paid,2025-11-07,2025-11-07,127.73,3.68,124.05,#38091142267137,card,127.73,USD,USD
2025-11-04 13:26:39 -0500,charge,#40493,visa,online,paid,2025-11-07,2025-11-07,56.48,1.79,54.69,#38091118117121,card,56.48,USD,USD
2025-11-04 13:15:39 -0500,charge,#40492,master,online,paid,2025-11-07,2025-11-07,30.94,1.12,29.82,#38091079385345,card,30.94,USD,USD
2025-11-04 13:13:46 -0500,charge,#40491,visa,online,paid,2025-11-07,2025-11-07,109.62,3.20,106.42,#38091059462401,card,109.62,USD,USD
2025-11-04 13:05:47 -0500,charge,#40490,visa,online,paid,2025-11-07,2025-11-07,43.23,1.44,41.79,#38091050844417,card,43.23,USD,USD
2025-11-04 13:05:23 -0500,charge,#40489,visa,online,paid,2025-11-07,2025-11-07,313.60,10.49,303.11,#38091051827457,card,313.60,USD,USD
2025-11-04 12:53:58 -0500,charge,#40488,discover,online,paid,2025-11-07,2025-11-07,52.11,1.68,50.43,#38090936942849,card,52.11,USD,USD
2025-11-04 12:46:34 -0500,marketplace sales tax,#40487,unknown,online,paid,2025-11-07,2025-11-04,-3.67,0.00,-3.67,,,,,USD
2025-11-04 12:46:15 -0500,charge,#40487,visa,online,paid,2025-11-07,2025-11-07,49.78,1.61,48.17,#38090992025857,card,49.78,USD,USD
2025-11-04 12:46:15 -0500,shop_cash_campaign_billing_debit,#40487,unknown,online,paid,2025-11-07,2025-11-04,-27.00,0.00,-27.00,,,,,USD
2025-11-04 12:39:59 -0500,charge,#40486,master,online,paid,2025-11-07,2025-11-07,862.65,28.33,834.32,#38090967089409,card,862.65,USD,USD
2025-11-04 12:35:58 -0500,charge,#40485,american_express,online,paid,2025-11-07,2025-11-07,52.70,2.01,50.69,#38090960896257,card,52.70,USD,USD
2025-11-04 12:35:41 -0500,charge,#40484,visa,online,paid,2025-11-07,2025-11-07,740.55,24.37,716.18,#38090953785601,card,740.55,USD,USD
2025-11-04 12:33:33 -0500,charge,#40482,visa,online,paid,2025-11-07,2025-11-07,53.90,1.73,52.17,#38090950574337,card,53.90,USD,USD
2025-11-04 12:28:26 -0500,charge,#40481,visa,online,paid,2025-11-07,2025-11-07,61.11,1.92,59.19,#38090937106689,card,61.11,USD,USD
2025-11-04 12:20:12 -0500,charge,#40479,visa,online,paid,2025-11-07,2025-11-07,111.42,3.26,108.16,#38090910236929,card,111.42,USD,USD
2025-11-04 12:16:56 -0500,charge,#40286,unknown,online,paid,2025-11-07,2025-11-07,53.90,1.65,52.25,#38084213735681,card,53.90,USD,USD
2025-11-04 12:16:27 -0500,charge,#40248,unknown,online,paid,2025-11-07,2025-11-07,57.72,1.74,55.98,#38080010518785,card,57.72,USD,USD
2025-11-04 12:15:36 -0500,charge,#40227,unknown,online,paid,2025-11-07,2025-11-07,61.76,1.84,59.92,#38082960261377,card,61.76,USD,USD
2025-11-04 12:05:37 -0500,shop_cash_credit,#40474,unknown,online,paid,2025-11-07,2025-11-04,1.94,0.04,1.90,,,,,USD
2025-11-04 11:34:38 -0500,charge,#40476,visa,online,paid,2025-11-07,2025-11-07,30.05,1.10,28.95,#38090757013761,card,30.05,USD,USD
2025-11-04 11:24:47 -0500,marketplace sales tax,#40474,unknown,online,paid,2025-11-07,2025-11-04,-2.51,0.00,-2.51,,,,,USD
2025-11-04 11:24:35 -0500,charge,#40474,visa,online,paid,2025-11-07,2025-11-07,31.51,1.14,30.37,#38086958383361,card,31.51,USD,USD
2025-11-04 11:01:14 -0500,charge,#40472,american_express,online,paid,2025-11-07,2025-11-07,1648.52,53.87,1594.65,#38090522755329,card,1648.52,USD,USD
2025-11-04 10:57:42 -0500,refund,#40146,visa,online,paid,2025-11-07,2025-11-05,-12.16,0.00,-12.16,#38079947800833,card,12.16,USD,USD
2025-11-04 10:45:47 -0500,charge,#40265,unknown,online,paid,2025-11-07,2025-11-07,57.72,1.74,55.98,#38083797516545,card,57.72,USD,USD
2025-11-04 10:45:20 -0500,charge,#40217,unknown,online,paid,2025-11-07,2025-11-07,51.77,1.59,50.18,#38082712568065,card,51.77,USD,USD
2025-11-04 10:45:17 -0500,charge,#40470,discover,online,paid,2025-11-07,2025-11-07,54.50,3.52,50.98,#38090292068609,shop_pay_installments,54.50,USD,USD
2025-11-04 10:45:03 -0500,charge,#40469,visa,online,paid,2025-11-07,2025-11-07,51.09,1.66,49.43,#38090602610945,card,51.09,USD,USD
2025-11-04 10:37:46 -0500,charge,#40468,visa,online,paid,2025-11-07,2025-11-07,67.90,2.10,65.80,#38090588848385,card,67.90,USD,USD
2025-11-04 10:35:56 -0500,charge,#40467,visa,online,paid,2025-11-07,2025-11-07,70.21,2.17,68.04,#38090582688001,card,70.21,USD,USD
2025-11-04 10:30:08 -0500,charge,#40466,discover,online,paid,2025-11-07,2025-11-07,73.90,2.70,71.20,#38090567221505,card,73.90,USD,USD
2025-11-04 10:28:08 -0500,charge,#40465,master,online,paid,2025-11-07,2025-11-07,68.73,2.12,66.61,#38090557489409,card,68.73,USD,USD
2025-11-04 10:27:23 -0500,charge,#40464,master,online,paid,2025-11-07,2025-11-07,53.90,1.73,52.17,#38090549821697,card,53.90,USD,USD
2025-11-04 10:16:58 -0500,charge,#40463,master,online,paid,2025-11-07,2025-11-07,291.06,8.02,283.04,#38090522788097,card,291.06,USD,USD
2025-11-04 10:15:24 -0500,charge,#40462,master,online,paid,2025-11-07,2025-11-07,61.90,2.31,59.59,#38090526425345,card,61.90,USD,USD
2025-11-04 10:06:24 -0500,charge,#40459,master,online,paid,2025-11-07,2025-11-07,215.60,6.01,209.59,#38090479894785,card,215.60,USD,USD
2025-11-04 09:58:57 -0500,charge,#40458,unknown,online,paid,2025-11-07,2025-11-07,51.81,3.36,48.45,#38090476945665,shop_pay_installments,51.81,USD,USD
2025-11-04 09:56:17 -0500,charge,#40457,visa,online,paid,2025-11-07,2025-11-07,11.94,0.62,11.32,#38090470097153,card,11.94,USD,USD
2025-11-04 09:50:13 -0500,charge,#40456,visa,online,paid,2025-11-07,2025-11-07,61.11,1.92,59.19,#38090440540417,card,61.11,USD,USD
2025-11-04 09:23:20 -0500,charge,#40453,master,online,paid,2025-11-07,2025-11-07,38.15,1.31,36.84,#38084125851905,card,38.15,USD,USD
2025-11-04 09:03:31 -0500,charge,#40451,visa,online,paid,2025-11-07,2025-11-07,203.94,5.71,198.23,#38090317267201,card,203.94,USD,USD
2025-11-04 08:56:56 -0500,charge,#40450,american_express,online,paid,2025-11-07,2025-11-07,135.80,4.71,131.09,#38090295476481,card,135.80,USD,USD
2025-11-04 08:55:25 -0500,charge,#40449,master,online,paid,2025-11-07,2025-11-07,109.62,3.20,106.42,#38090293084417,card,109.62,USD,USD
2025-11-04 08:52:35 -0500,charge,#40448,american_express,online,paid,2025-11-07,2025-11-07,53.90,3.48,50.42,#38090284859649,shop_pay_installments,53.90,USD,USD
2025-11-04 08:32:08 -0500,charge,#40446,visa,online,paid,2025-11-07,2025-11-07,34.55,1.21,33.34,#38090223878401,card,34.55,USD,USD
2025-11-04 08:19:32 -0500,charge,#40444,visa,online,paid,2025-11-07,2025-11-07,145.53,5.03,140.50,#38090191470849,card,145.53,USD,USD
2025-11-04 08:17:11 -0500,charge,#40443,visa,online,paid,2025-11-07,2025-11-07,109.62,3.20,106.42,#38090181705985,card,109.62,USD,USD
2025-11-04 08:00:12 -0500,charge,#40442,master,online,paid,2025-11-07,2025-11-07,37.94,1.31,36.63,#38090141892865,card,37.94,USD,USD
2025-11-04 07:50:22 -0500,charge,#40441,visa,online,paid,2025-11-07,2025-11-07,70.89,2.18,68.71,#38090114433281,card,70.89,USD,USD
2025-11-04 07:24:05 -0500,charge,#40439,american_express,online,paid,2025-11-07,2025-11-07,139.04,4.82,134.22,#38090053189889,card,139.04,USD,USD
2025-11-04 06:53:09 -0500,charge,#40438,visa,online,paid,2025-11-07,2025-11-07,120.59,3.49,117.10,#38089972678913,card,120.59,USD,USD
2025-11-04 06:44:25 -0500,charge,#40437,master,online,paid,2025-11-07,2025-11-07,54.50,1.74,52.76,#38089945088257,card,54.50,USD,USD
2025-11-04 05:39:30 -0500,charge,#40436,visa,online,paid,2025-11-07,2025-11-07,37.94,1.31,36.63,#38089804087553,card,37.94,USD,USD
2025-11-04 05:13:12 -0500,charge,#40434,master,online,paid,2025-11-07,2025-11-07,33.52,1.19,32.33,#38089753526529,card,33.52,USD,USD
2025-11-04 04:44:38 -0500,charge,#40433,master,online,paid,2025-11-07,2025-11-07,68.31,2.11,66.20,#38077016015105,card,68.31,USD,USD
2025-11-03 23:52:39 -0500,charge,#40432,visa,online,paid,2025-11-07,2025-11-07,35.23,1.23,34.00,#38089151316225,card,35.23,USD,USD
2025-11-03 23:44:45 -0500,charge,#40431,visa,online,paid,2025-11-07,2025-11-07,165.70,10.08,155.62,#38089103966465,shop_pay_installments,165.70,USD,USD
2025-11-03 23:02:35 -0500,charge,#40430,visa,online,paid,2025-11-07,2025-11-07,76.48,2.32,74.16,#38089071952129,card,76.48,USD,USD
2025-11-03 22:37:29 -0500,charge,#40428,master,online,paid,2025-11-07,2025-11-07,53.90,1.73,52.17,#38089014313217,card,53.90,USD,USD
2025-11-03 22:34:23 -0500,charge,#40427,visa,online,paid,2025-11-07,2025-11-07,67.90,2.10,65.80,#38089006711041,card,67.90,USD,USD
2025-11-03 22:18:05 -0500,charge,#40426,visa,online,paid,2025-11-07,2025-11-07,37.13,1.29,35.84,#38088962375937,card,37.13,USD,USD
2025-11-03 22:07:27 -0500,charge,#40425,visa,online,paid,2025-11-07,2025-11-07,208.32,5.82,202.50,#38088941535489,card,208.32,USD,USD
2025-11-03 21:31:59 -0500,charge,#40421,visa,online,paid,2025-11-07,2025-11-07,197.17,5.53,191.64,#38088859582721,card,197.17,USD,USD
2025-11-03 21:17:45 -0500,charge,#40420,master,online,paid,2025-11-07,2025-11-07,99.96,2.95,97.01,#38088818360577,card,99.96,USD,USD
2025-11-03 21:13:02 -0500,charge,#40419,american_express,online,paid,2025-11-07,2025-11-07,99.98,3.55,96.43,#38088806564097,card,99.98,USD,USD
2025-11-03 21:07:33 -0500,charge,#40418,master,online,paid,2025-11-07,2025-11-07,40.50,1.37,39.13,#38088783233281,card,40.50,USD,USD
2025-11-03 21:00:10 -0500,charge,#40417,unknown,online,paid,2025-11-07,2025-11-07,51.81,3.36,48.45,#38088768225537,shop_pay_installments,51.81,USD,USD
2025-11-03 20:08:04 -0500,charge,#40415,master,online,paid,2025-11-07,2025-11-07,32.23,1.16,31.07,#38088611758337,card,32.23,USD,USD
2025-11-03 20:05:49 -0500,charge,#40414,visa,online,paid,2025-11-07,2025-11-07,70.48,2.17,68.31,#38088601665793,card,70.48,USD,USD
2025-11-03 18:55:41 -0500,charge,#40411,visa,online,paid,2025-11-07,2025-11-06,103.96,3.06,100.90,#38088422031617,card,103.96,USD,USD
2025-11-03 18:09:07 -0500,charge,#40410,visa,online,paid,2025-11-07,2025-11-06,34.94,1.22,33.72,#38088305475841,card,34.94,USD,USD
2025-11-03 17:50:05 -0500,charge,#40409,american_express,online,paid,2025-11-07,2025-11-06,95.27,3.39,91.88,#38088252293377,card,95.27,USD,USD
2025-11-03 17:46:49 -0500,charge,#40408,master,online,paid,2025-11-07,2025-11-06,33.14,1.18,31.96,#38088237875457,card,33.14,USD,USD
2025-11-03 17:37:54 -0500,charge,#40407,master,online,paid,2025-11-07,2025-11-06,53.90,1.73,52.17,#38088222015745,card,53.90,USD,USD
2025-11-03 17:35:38 -0500,charge,#40406,american_express,online,paid,2025-11-07,2025-11-06,97.02,3.46,93.56,#38088208810241,card,97.02,USD,USD
2025-11-03 17:09:43 -0500,charge,#40404,master,online,paid,2025-11-07,2025-11-06,34.94,1.22,33.72,#38088143208705,card,34.94,USD,USD
2025-11-03 16:36:33 -0500,charge,#40403,american_express,online,paid,2025-11-07,2025-11-06,97.02,3.46,93.56,#38088047722753,card,97.02,USD,USD
2025-11-03 16:20:05 -0500,charge,#40400,master,online,paid,2025-11-07,2025-11-06,37.94,1.31,36.63,#38088008401153,card,37.94,USD,USD
2025-11-03 16:13:39 -0500,charge,#40399,american_express,online,paid,2025-11-07,2025-11-06,55.71,2.11,53.60,#38087963967745,card,55.71,USD,USD
2025-11-03 16:13:26 -0500,charge,#40398,visa,online,paid,2025-11-07,2025-11-06,1123.20,36.80,1086.40,#38087980581121,card,1123.20,USD,USD
2025-11-03 16:08:56 -0500,charge,#40397,master,online,paid,2025-11-07,2025-11-06,73.33,2.24,71.09,#38087977435393,card,73.33,USD,USD
2025-11-03 16:07:30 -0500,charge,#40396,visa,online,paid,2025-11-07,2025-11-06,116.20,3.38,112.82,#38087966261505,card,116.20,USD,USD
2025-11-03 16:05:16 -0500,charge,#40395,visa,online,paid,2025-11-07,2025-11-06,55.71,1.77,53.94,#38087965376769,card,55.71,USD,USD
2025-11-03 15:54:04 -0500,charge,#40394,visa,online,paid,2025-11-07,2025-11-06,53.90,1.73,52.17,#38087928643841,card,53.90,USD,USD
2025-11-03 15:40:58 -0500,charge,#40392,visa,online,paid,2025-11-07,2025-11-06,224.91,13.57,211.34,#38087889322241,shop_pay_installments,224.91,USD,USD
2025-11-03 15:38:12 -0500,charge,#40391,master,online,paid,2025-11-07,2025-11-06,53.90,1.73,52.17,#38072308891905,card,53.90,USD,USD
2025-11-03 15:32:23 -0500,charge,#40390,visa,online,paid,2025-11-07,2025-11-06,165.87,5.69,160.18,#38087871660289,card,165.87,USD,USD
2025-11-03 15:31:25 -0500,charge,#40389,master,online,paid,2025-11-07,2025-11-06,99.72,2.94,96.78,#38087862157569,card,99.72,USD,USD
2025-11-03 15:17:20 -0500,charge,#40388,visa,online,paid,2025-11-07,2025-11-06,58.65,1.86,56.79,#38087659192577,card,58.65,USD,USD
2025-11-03 15:09:21 -0500,charge,#40386,discover,online,paid,2025-11-07,2025-11-06,102.47,3.63,98.84,#38087761199361,card,102.47,USD,USD
2025-11-03 14:41:13 -0500,charge,#40380,visa,online,paid,2025-11-07,2025-11-06,151.83,4.33,147.50,#38087602635009,card,151.83,USD,USD
2025-11-03 14:36:37 -0500,charge,#40379,visa,online,paid,2025-11-07,2025-11-06,97.02,2.88,94.14,#38087702315265,card,97.02,USD,USD
2025-11-03 14:15:20 -0500,charge,#40378,master,online,paid,2025-11-07,2025-11-06,39.23,1.34,37.89,#38087640023297,card,39.23,USD,USD
2025-11-03 13:32:54 -0500,charge,#40375,visa,online,paid,2025-11-07,2025-11-06,67.90,2.10,65.80,#38087505608961,card,67.90,USD,USD
2025-11-03 13:13:20 -0500,charge,#40373,visa,online,paid,2025-11-07,2025-11-06,92.85,2.76,90.09,#38087445872897,card,92.85,USD,USD
2025-11-03 13:11:41 -0500,charge,#40036,unknown,online,paid,2025-11-07,2025-11-06,51.81,1.91,49.90,#38077215408385,card,51.81,USD,USD
2025-11-03 13:11:16 -0500,charge,#40025,unknown,online,paid,2025-11-07,2025-11-06,61.76,1.84,59.92,#38076813541633,card,61.76,USD,USD
2025-11-03 13:09:34 -0500,charge,#39986,unknown,online,paid,2025-11-07,2025-11-06,57.72,1.74,55.98,#38075841577217,card,57.72,USD,USD
2025-11-03 12:29:20 -0500,charge,#40371,american_express,online,paid,2025-11-07,2025-11-06,103.82,3.68,100.14,#38087282688257,card,103.82,USD,USD
2025-11-03 12:29:20 -0500,charge,#40370,american_express,online,paid,2025-11-07,2025-11-06,109.62,3.86,105.76,#38087292748033,card,109.62,USD,USD
2025-11-03 12:05:26 -0500,shop_cash_credit,#40346,unknown,online,paid,2025-11-07,2025-11-03,15.00,0.37,14.63,,,,,USD
2025-11-03 12:05:26 -0500,shop_cash_credit,#40353,unknown,online,paid,2025-11-07,2025-11-03,15.00,0.37,14.63,,,,,USD
2025-11-03 11:51:53 -0500,charge,#40368,visa,online,paid,2025-11-07,2025-11-06,210.88,5.89,204.99,#38087167410433,card,210.88,USD,USD
2025-11-03 11:30:36 -0500,charge,#40367,american_express,online,paid,2025-11-07,2025-11-06,109.62,3.86,105.76,#38087085555969,card,109.62,USD,USD
2025-11-03 11:24:15 -0500,charge,#40365,visa,online,paid,2025-11-07,2025-11-06,99.98,2.95,97.03,#38087075660033,card,99.98,USD,USD
2025-11-03 11:11:11 -0500,charge,#40363,visa,online,paid,2025-11-07,2025-11-06,29.54,1.08,28.46,#38087022903553,card,29.54,USD,USD
2025-11-03 10:58:01 -0500,charge,#40362,visa,online,paid,2025-11-07,2025-11-06,61.11,1.92,59.19,#38086991642881,card,61.11,USD,USD
2025-11-03 10:48:27 -0500,charge,#40360,visa,online,paid,2025-11-07,2025-11-06,30.94,1.12,29.82,#38086963298561,card,30.94,USD,USD
2025-11-03 10:41:19 -0500,charge,#40359,visa,online,paid,2025-11-07,2025-11-06,121.96,3.53,118.43,#38086938231041,card,121.96,USD,USD
2025-11-03 10:40:17 -0500,charge,#40357,master,online,paid,2025-11-07,2025-11-06,129.88,3.74,126.14,#38084860510465,card,129.88,USD,USD
2025-11-03 10:17:00 -0500,charge,#40355,visa,online,paid,2025-11-07,2025-11-06,3.90,0.41,3.49,#38086855885057,card,3.90,USD,USD
2025-11-03 10:15:41 -0500,charge,#40354,visa,online,paid,2025-11-07,2025-11-06,38.94,1.33,37.61,#38086848708865,card,38.94,USD,USD
2025-11-03 10:15:28 -0500,marketplace sales tax,#40353,unknown,online,paid,2025-11-07,2025-11-03,-4.76,0.00,-4.76,,,,,USD
2025-11-03 10:15:11 -0500,charge,#40353,visa,online,paid,2025-11-07,2025-11-06,57.66,1.83,55.83,#38086842286337,card,57.66,USD,USD
2025-11-03 10:15:11 -0500,shop_cash_campaign_billing_debit,#40353,unknown,online,paid,2025-11-07,2025-11-03,-27.00,0.00,-27.00,,,,,USD
2025-11-03 10:00:28 -0500,charge,#40352,american_express,online,paid,2025-11-07,2025-11-06,72.66,2.66,70.00,#38086808174849,card,72.66,USD,USD
2025-11-03 09:58:44 -0500,charge,#40351,master,online,paid,2025-11-07,2025-11-06,30.23,1.11,29.12,#38086799130881,card,30.23,USD,USD
2025-11-03 09:41:02 -0500,charge,#40350,visa,online,paid,2025-11-07,2025-11-06,34.55,1.21,33.34,#38086736675073,card,34.55,USD,USD
2025-11-03 09:36:34 -0500,charge,#40349,master,online,paid,2025-11-07,2025-11-06,35.84,1.25,34.59,#38086731890945,card,35.84,USD,USD
2025-11-03 09:21:57 -0500,charge,#40348,visa,online,paid,2025-11-07,2025-11-06,151.98,4.33,147.65,#38086668910849,card,151.98,USD,USD
2025-11-03 08:29:19 -0500,charge,#40347,visa,online,paid,2025-11-07,2025-11-06,32.23,1.16,31.07,#38086527516929,card,32.23,USD,USD
2025-11-03 08:29:11 -0500,marketplace sales tax,#40346,unknown,online,paid,2025-11-07,2025-11-03,-5.26,0.00,-5.26,,,,,USD
2025-11-03 08:29:00 -0500,charge,#40346,master,online,paid,2025-11-07,2025-11-06,58.16,1.84,56.32,#38086522077441,card,58.16,USD,USD
2025-11-03 08:29:00 -0500,shop_cash_campaign_billing_debit,#40346,unknown,online,paid,2025-11-07,2025-11-03,-27.00,0.00,-27.00,,,,,USD
2025-11-03 08:20:51 -0500,charge,#40345,master,online,paid,2025-11-07,2025-11-06,26.90,1.17,25.73,#38086504808705,card,26.90,USD,USD
2025-11-03 08:15:06 -0500,charge,#40344,visa,online,paid,2025-11-07,2025-11-06,34.55,1.21,33.34,#38086485901569,card,34.55,USD,USD
2025-11-03 08:13:29 -0500,charge,#40343,visa,online,paid,2025-11-07,2025-11-06,35.84,1.25,34.59,#38086483738881,card,35.84,USD,USD
2025-11-03 07:15:27 -0500,charge,#40342,american_express,online,paid,2025-11-07,2025-11-06,204.93,6.96,197.97,#38078767399169,card,204.93,USD,USD
2025-11-03 06:50:54 -0500,charge,#40341,visa,online,paid,2025-11-07,2025-11-06,55.39,3.57,51.82,#38029632667905,shop_pay_installments,55.39,USD,USD
2025-11-03 01:05:57 -0500,charge,#40339,visa,online,paid,2025-11-07,2025-11-06,40.85,2.71,38.14,#38085619122433,shop_pay_installments,40.85,USD,USD
2025-11-03 00:15:21 -0500,charge,#40338,american_express,online,paid,2025-11-07,2025-11-06,28.25,1.22,27.03,#38085529764097,card,28.25,USD,USD
2025-11-02 23:18:11 -0500,charge,#40337,master,online,paid,2025-11-07,2025-11-06,97.02,2.88,94.14,#38085414912257,card,97.02,USD,USD
2025-11-02 22:36:18 -0500,charge,#40336,american_express,online,paid,2025-11-07,2025-11-06,103.96,3.68,100.28,#38085327388929,card,103.96,USD,USD
2025-11-02 21:58:53 -0500,charge,#40335,master,online,paid,2025-11-07,2025-11-06,54.50,1.74,52.76,#38085238358273,card,54.50,USD,USD
2025-11-02 21:19:21 -0500,charge,#40334,visa,online,paid,2025-11-07,2025-11-06,109.62,3.20,106.42,#38085145329921,card,109.62,USD,USD
2025-11-02 21:18:56 -0500,charge,#40333,visa,online,paid,2025-11-07,2025-11-06,65.92,2.05,63.87,#38085056004353,card,65.92,USD,USD
2025-11-02 21:16:42 -0500,charge,#40332,master,online,paid,2025-11-07,2025-11-06,51.21,1.66,49.55,#38085135270145,card,51.21,USD,USD
2025-11-02 21:10:23 -0500,charge,#40331,visa,online,paid,2025-11-07,2025-11-06,34.55,1.21,33.34,#38085120065793,card,34.55,USD,USD
2025-11-02 20:58:42 -0500,charge,#40330,visa,online,paid,2025-11-07,2025-11-06,103.96,3.06,100.90,#38085082513665,card,103.96,USD,USD
2025-11-02 20:51:17 -0500,charge,#40329,master,online,paid,2025-11-07,2025-11-06,198.00,5.55,192.45,#38085055807745,card,198.00,USD,USD
2025-11-02 20:48:48 -0500,charge,#40328,visa,online,paid,2025-11-07,2025-11-06,120.37,3.49,116.88,#38085049549057,card,120.37,USD,USD
2025-11-02 20:42:25 -0500,charge,#40327,master,online,paid,2025-11-07,2025-11-06,67.90,2.10,65.80,#38085031100673,card,67.90,USD,USD
2025-11-02 20:38:29 -0500,charge,#40326,discover,online,paid,2025-11-07,2025-11-06,80.85,2.44,78.41,#38084881809665,card,80.85,USD,USD
2025-11-02 20:37:02 -0500,charge,#40325,master,online,paid,2025-11-07,2025-11-06,67.90,4.31,63.59,#38085008326913,shop_pay_installments,67.90,USD,USD
2025-11-02 20:31:44 -0500,charge,#40324,visa,online,paid,2025-11-07,2025-11-06,36.89,1.28,35.61,#38084975198465,card,36.89,USD,USD
2025-11-02 20:30:59 -0500,charge,#40323,visa,online,paid,2025-11-07,2025-11-06,28.25,1.05,27.20,#38084991320321,card,28.25,USD,USD
2025-11-02 20:02:36 -0500,charge,#40322,master,online,paid,2025-11-07,2025-11-06,67.90,2.50,65.40,#38084902355201,card,67.90,USD,USD
2025-11-02 19:38:44 -0500,charge,#40320,master,online,paid,2025-11-07,2025-11-06,61.11,1.92,59.19,#38084829872385,card,61.11,USD,USD
2025-11-02 19:17:49 -0500,charge,#40317,visa,online,paid,2025-11-07,2025-11-06,192.23,5.40,186.83,#38084765909249,card,192.23,USD,USD
2025-11-02 19:16:58 -0500,charge,#40316,american_express,online,paid,2025-11-07,2025-11-06,56.48,2.13,54.35,#38080866877697,card,56.48,USD,USD
2025-11-02 19:16:37 -0500,charge,#40315,visa,online,paid,2025-11-07,2025-11-06,170.73,4.83,165.90,#38084769218817,card,170.73,USD,USD
2025-11-02 19:14:06 -0500,charge,#40313,discover,online,paid,2025-11-07,2025-11-06,54.50,2.07,52.43,#38084757258497,card,54.50,USD,USD
2025-11-02 18:50:46 -0500,charge,#40311,visa,online,paid,2025-11-07,2025-11-05,63.69,4.06,59.63,#38084662755585,shop_pay_installments,63.69,USD,USD
2025-11-02 18:49:56 -0500,charge,#40310,visa,online,paid,2025-11-07,2025-11-05,61.11,1.92,59.19,#38084692738305,card,61.11,USD,USD
2025-11-02 18:40:34 -0500,charge,#40309,master,online,paid,2025-11-07,2025-11-05,81.02,2.45,78.57,#38084669079809,card,81.02,USD,USD
2025-11-02 18:34:37 -0500,charge,#40308,visa,online,paid,2025-11-07,2025-11-05,63.69,1.99,61.70,#38084650434817,card,63.69,USD,USD
2025-11-02 18:14:44 -0500,charge,#40307,visa,online,paid,2025-11-07,2025-11-05,57.72,1.83,55.89,#38084586897665,card,57.72,USD,USD
2025-11-02 18:06:29 -0500,shop_cash_credit,#40289,unknown,online,paid,2025-11-07,2025-11-02,1.32,0.03,1.29,,,,,USD
2025-11-02 17:54:30 -0500,charge,#40304,american_express,online,paid,2025-11-07,2025-11-05,129.96,4.52,125.44,#38084540629249,card,129.96,USD,USD
2025-11-02 17:29:27 -0500,charge,#40303,master,online,paid,2025-11-07,2025-11-05,30.94,1.31,29.63,#38084463526145,card,30.94,USD,USD
2025-11-02 17:22:58 -0500,charge,#40302,master,online,paid,2025-11-07,2025-11-05,41.94,1.41,40.53,#38084440621313,card,41.94,USD,USD
2025-11-02 17:10:25 -0500,charge,#40299,visa,online,paid,2025-11-07,2025-11-05,60.90,1.91,58.99,#38084405461249,card,60.90,USD,USD
2025-11-02 17:05:41 -0500,charge,#40298,visa,online,paid,2025-11-07,2025-11-05,30.94,1.12,29.82,#38084391698689,card,30.94,USD,USD
2025-11-02 17:04:06 -0500,charge,#40297,visa,online,paid,2025-11-07,2025-11-05,30.30,1.11,29.19,#38084386455809,card,30.30,USD,USD
2025-11-02 16:57:53 -0500,charge,#40296,visa,online,paid,2025-11-07,2025-11-05,51.09,1.66,49.43,#38076078358785,card,51.09,USD,USD
2025-11-02 16:56:00 -0500,charge,#40295,master,online,paid,2025-11-07,2025-11-05,61.11,1.92,59.19,#38084339007745,card,61.11,USD,USD
2025-11-02 16:55:25 -0500,charge,#40294,master,online,paid,2025-11-07,2025-11-05,103.53,3.05,100.48,#38084356309249,card,103.53,USD,USD
2025-11-02 16:45:10 -0500,charge,#40293,visa,online,paid,2025-11-07,2025-11-05,130.91,3.77,127.14,#38084319445249,card,130.91,USD,USD
2025-11-02 16:36:58 -0500,charge,#40292,visa,online,paid,2025-11-07,2025-11-05,65.39,2.03,63.36,#38084292870401,card,65.39,USD,USD
2025-11-02 16:20:54 -0500,charge,#40291,master,online,paid,2025-11-07,2025-11-05,57.90,3.72,54.18,#38084215111937,shop_pay_installments,57.90,USD,USD
2025-11-02 16:17:15 -0500,charge,#40290,visa,online,paid,2025-11-07,2025-11-05,155.73,4.42,151.31,#37994963697921,card,155.73,USD,USD
2025-11-02 16:13:18 -0500,marketplace sales tax,#40289,unknown,online,paid,2025-11-07,2025-11-02,-2.28,0.00,-2.28,,,,,USD
2025-11-02 16:13:02 -0500,charge,#40289,master,online,paid,2025-11-07,2025-11-05,54.86,1.75,53.11,#38084224516353,card,54.86,USD,USD
2025-11-02 16:12:34 -0500,charge,#40288,american_express,online,paid,2025-11-07,2025-11-05,97.02,3.46,93.56,#38084220616961,card,97.02,USD,USD
2025-11-02 16:10:57 -0500,charge,#40287,visa,online,paid,2025-11-07,2025-11-05,53.90,1.73,52.17,#38084219076865,card,53.90,USD,USD
2025-11-02 16:05:27 -0500,charge,#40284,american_express,online,paid,2025-11-07,2025-11-05,97.02,3.46,93.56,#38084198105345,card,97.02,USD,USD
2025-11-02 16:05:24 -0500,charge,#40283,visa,online,paid,2025-11-07,2025-11-05,122.22,3.54,118.68,#38084194402561,card,122.22,USD,USD
2025-11-02 15:40:12 -0500,charge,#40282,unknown,online,paid,2025-11-07,2025-11-05,53.90,3.48,50.42,#38084123656449,shop_pay_installments,53.90,USD,USD
2025-11-02 15:27:15 -0500,charge,#40279,visa,online,paid,2025-11-07,2025-11-05,97.02,6.02,91.00,#38084077650177,shop_pay_installments,97.02,USD,USD
2025-11-02 15:23:05 -0500,charge,#40278,master,online,paid,2025-11-07,2025-11-05,54.50,1.74,52.76,#38084051861761,card,54.50,USD,USD
2025-11-02 15:04:39 -0500,charge,#40277,visa,online,paid,2025-11-07,2025-11-05,225.24,6.27,218.97,#38083990356225,card,225.24,USD,USD
2025-11-02 15:01:44 -0500,charge,#40276,visa,online,paid,2025-11-07,2025-11-05,61.11,1.92,59.19,#38083974496513,card,61.11,USD,USD
2025-11-02 14:56:55 -0500,charge,#40275,master,online,paid,2025-11-07,2025-11-05,219.70,6.12,213.58,#38083969384705,card,219.70,USD,USD
2025-11-02 14:53:17 -0500,charge,#40274,master,online,paid,2025-11-07,2025-11-05,54.50,3.52,50.98,#38083960668417,shop_pay_installments,54.50,USD,USD
2025-11-02 14:38:09 -0500,charge,#40272,master,online,paid,2025-11-07,2025-11-05,53.90,1.73,52.17,#38083917480193,card,53.90,USD,USD
2025-11-02 14:37:12 -0500,charge,#40271,master,online,paid,2025-11-07,2025-11-05,80.07,5.02,75.05,#38083904045313,shop_pay_installments,80.07,USD,USD
2025-11-02 14:31:52 -0500,charge,#40270,master,online,paid,2025-11-07,2025-11-05,114.80,3.34,111.46,#38083900571905,card,114.80,USD,USD
2025-11-02 14:30:08 -0500,charge,#40269,master,online,paid,2025-11-07,2025-11-05,97.02,2.88,94.14,#38083886416129,card,97.02,USD,USD
2025-11-02 14:18:04 -0500,charge,#40268,visa,online,paid,2025-11-07,2025-11-05,116.58,3.38,113.20,#38083816882433,card,116.58,USD,USD
2025-11-02 14:14:19 -0500,charge,#40267,visa,online,paid,2025-11-07,2025-11-05,55.89,1.78,54.11,#38083843424513,card,55.89,USD,USD
2025-11-02 14:08:36 -0500,charge,#40266,master,online,paid,2025-11-07,2025-11-05,43.54,1.72,41.82,#38083825565953,card,43.54,USD,USD
2025-11-02 13:55:59 -0500,charge,#40264,master,online,paid,2025-11-07,2025-11-05,55.19,1.76,53.43,#38083779952897,card,55.19,USD,USD
2025-11-02 13:41:30 -0500,charge,#40263,master,online,paid,2025-11-07,2025-11-05,107.80,3.16,104.64,#38083743121665,card,107.80,USD,USD
2025-11-02 13:21:50 -0500,charge,#40259,visa,online,paid,2025-11-07,2025-11-05,62.96,1.96,61.00,#38083670769921,card,62.96,USD,USD
2025-11-02 13:03:24 -0500,charge,#40258,visa,online,paid,2025-11-07,2025-11-05,61.90,1.94,59.96,#38083615523073,card,61.90,USD,USD
2025-11-02 12:58:33 -0500,charge,#40257,american_express,online,paid,2025-11-07,2025-11-05,30.94,1.31,29.63,#38083597500673,card,30.94,USD,USD
2025-11-02 12:58:26 -0500,charge,#40256,master,online,paid,2025-11-07,2025-11-05,61.96,1.94,60.02,#37898762158337,card,61.96,USD,USD
2025-11-02 12:58:10 -0500,charge,#40255,master,online,paid,2025-11-07,2025-11-05,54.50,3.52,50.98,#38083595567361,shop_pay_installments,54.50,USD,USD
2025-11-02 12:49:33 -0500,charge,#40254,master,online,paid,2025-11-07,2025-11-05,37.89,1.31,36.58,#38083570630913,card,37.89,USD,USD
2025-11-02 12:37:06 -0500,charge,#40253,master,online,paid,2025-11-07,2025-11-05,73.89,2.26,71.63,#38083526721793,card,73.89,USD,USD
2025-11-02 12:12:21 -0500,charge,#40251,master,online,paid,2025-11-07,2025-11-05,28.25,1.05,27.20,#38076465873153,card,28.25,USD,USD
2025-11-02 11:42:31 -0500,charge,#40250,american_express,online,paid,2025-11-07,2025-11-05,107.80,3.80,104.00,#38083348103425,card,107.80,USD,USD
2025-11-02 11:36:39 -0500,charge,#40249,master,online,paid,2025-11-07,2025-11-05,64.52,2.01,62.51,#38083326476545,card,64.52,USD,USD
2025-11-02 11:23:57 -0500,charge,#40247,visa,online,paid,2025-11-07,2025-11-05,97.02,2.88,94.14,#38083285516545,card,97.02,USD,USD
2025-11-02 11:23:10 -0500,charge,#40246,visa,online,paid,2025-11-07,2025-11-05,55.71,1.77,53.94,#38083255566593,card,55.71,USD,USD
2025-11-02 11:07:20 -0500,charge,#40244,visa,online,paid,2025-11-07,2025-11-05,123.80,3.59,120.21,#38083241083137,card,123.80,USD,USD
2025-11-02 11:00:16 -0500,charge,#40243,visa,online,paid,2025-11-07,2025-11-05,64.52,4.11,60.41,#38083219783937,shop_pay_installments,64.52,USD,USD
2025-11-02 10:55:55 -0500,charge,#40242,master,online,paid,2025-11-07,2025-11-05,51.09,1.66,49.43,#38083194650881,card,51.09,USD,USD
2025-11-02 10:52:52 -0500,charge,#40241,visa,online,paid,2025-11-07,2025-11-05,39.23,1.34,37.89,#38083195764993,card,39.23,USD,USD
2025-11-02 10:44:55 -0500,charge,#40240,visa,online,paid,2025-11-07,2025-11-05,129.96,3.74,126.22,#38083171549441,card,129.96,USD,USD
2025-11-02 10:36:07 -0500,charge,#40239,visa,online,paid,2025-11-07,2025-11-05,78.48,4.93,73.55,#38083102376193,shop_pay_installments,78.48,USD,USD
2025-11-02 10:34:26 -0500,charge,#40238,visa,online,paid,2025-11-07,2025-11-05,193.98,11.74,182.24,#38083132686593,shop_pay_installments,193.98,USD,USD
2025-11-02 10:23:40 -0500,charge,#40237,visa,online,paid,2025-11-07,2025-11-05,99.96,2.95,97.01,#38083104178433,card,99.96,USD,USD
2025-11-02 10:20:11 -0500,charge,#40236,discover,online,paid,2025-11-07,2025-11-05,51.90,1.68,50.22,#38083082813697,card,51.90,USD,USD
2025-11-02 10:19:42 -0500,charge,#40235,visa,online,paid,2025-11-07,2025-11-05,333.78,9.14,324.64,#38080853901569,card,333.78,USD,USD
2025-11-02 10:10:47 -0500,charge,#40234,visa,online,paid,2025-11-07,2025-11-05,125.58,3.63,121.95,#38083055616257,card,125.58,USD,USD
2025-11-02 10:03:54 -0500,charge,#40231,american_express,online,paid,2025-11-07,2025-11-05,134.82,4.68,130.14,#38083036086529,card,134.82,USD,USD
2025-11-02 10:03:52 -0500,charge,#40230,master,online,paid,2025-11-07,2025-11-05,53.90,1.73,52.17,#38083038675201,card,53.90,USD,USD
2025-11-02 09:59:39 -0500,charge,#40229,american_express,online,paid,2025-11-07,2025-11-05,56.48,2.13,54.35,#38083023372545,card,56.48,USD,USD
2025-11-02 09:52:09 -0500,charge,#40228,master,online,paid,2025-11-07,2025-11-05,33.03,1.18,31.85,#38083000336641,card,33.03,USD,USD
2025-11-02 09:09:41 -0500,charge,#40224,visa,online,paid,2025-11-07,2025-11-05,194.04,11.75,182.29,#38082801828097,shop_pay_installments,194.04,USD,USD
2025-11-02 09:07:19 -0500,charge,#40223,master,online,paid,2025-11-07,2025-11-05,31.85,1.15,30.70,#38082840199425,card,31.85,USD,USD
2025-11-02 09:01:58 -0500,charge,#40222,visa,online,paid,2025-11-07,2025-11-05,109.62,3.20,106.42,#38082829975809,card,109.62,USD,USD
2025-11-02 08:41:36 -0500,charge,#40220,visa,online,paid,2025-11-07,2025-11-05,103.96,3.06,100.90,#38082776269057,card,103.96,USD,USD
2025-11-02 08:40:26 -0500,charge,#40219,visa,online,paid,2025-11-07,2025-11-05,70.48,2.17,68.31,#38082766864641,card,70.48,USD,USD
2025-11-02 08:07:25 -0500,charge,#40216,master,online,paid,2025-11-07,2025-11-05,35.84,1.25,34.59,#38082676949249,card,35.84,USD,USD
2025-11-02 02:40:35 -0500,shop_cash_campaign_billing_debit,#40212,unknown,online,paid,2025-11-07,2025-11-02,-27.00,0.00,-27.00,,,,,USD
2025-11-02 02:40:34 -0500,marketplace sales tax,#40212,unknown,online,paid,2025-11-07,2025-11-02,-8.12,0.00,-8.12,,,,,USD
2025-11-02 02:40:32 -0500,charge,#40212,american_express,online,paid,2025-11-07,2025-11-05,105.14,3.72,101.42,#38082040135937,card,105.14,USD,USD
2025-11-01 23:52:50 -0400,charge,#40210,american_express,online,paid,2025-11-07,2025-11-05,135.80,4.71,131.09,#38081715765505,card,135.80,USD,USD
2025-11-01 23:35:24 -0400,charge,#40209,visa,online,paid,2025-11-07,2025-11-05,205.62,5.75,199.87,#38081684701441,card,205.62,USD,USD
2025-11-01 23:26:25 -0400,charge,#40208,visa,online,paid,2025-11-07,2025-11-05,123.80,3.59,120.21,#38081644527873,card,123.80,USD,USD
2025-11-01 23:24:12 -0400,charge,#40207,american_express,online,paid,2025-11-07,2025-11-05,67.90,2.50,65.40,#38081663533313,card,67.90,USD,USD
2025-11-01 23:17:03 -0400,charge,#40206,discover,online,paid,2025-11-07,2025-11-05,53.90,2.05,51.85,#38081647509761,card,53.90,USD,USD
2025-11-01 23:11:04 -0400,charge,#40203,visa,online,paid,2025-11-07,2025-11-05,97.02,2.88,94.14,#38081633812737,card,97.02,USD,USD
2025-11-01 22:41:11 -0400,charge,#40202,american_express,online,paid,2025-11-07,2025-11-05,34.24,1.41,32.83,#38081575747841,card,34.24,USD,USD
2025-11-01 22:33:38 -0400,charge,#40201,visa,online,paid,2025-11-07,2025-11-05,227.95,6.34,221.61,#38081560019201,card,227.95,USD,USD
2025-11-01 22:00:38 -0400,charge,#40200,visa,online,paid,2025-11-07,2025-11-05,32.85,1.37,31.48,#38081484882177,card,32.85,USD,USD
2025-11-01 21:48:37 -0400,charge,#40198,visa,online,paid,2025-11-07,2025-11-05,107.80,3.16,104.64,#38081458602241,card,107.80,USD,USD
2025-11-01 21:45:35 -0400,charge,#40197,visa,online,paid,2025-11-07,2025-11-05,53.90,3.48,50.42,#38081442808065,shop_pay_installments,53.90,USD,USD
2025-11-01 21:35:28 -0400,charge,#40196,master,online,paid,2025-11-07,2025-11-05,54.81,1.75,53.06,#38070193062145,card,54.81,USD,USD
2025-11-01 21:11:27 -0400,charge,#40194,visa,online,paid,2025-11-07,2025-11-05,56.48,1.79,54.69,#38081365868801,card,56.48,USD,USD
2025-11-01 21:09:04 -0400,charge,#40193,master,online,paid,2025-11-07,2025-11-05,67.90,2.10,65.80,#38081362723073,card,67.90,USD,USD
2025-11-01 21:06:26 -0400,charge,#40191,master,online,paid,2025-11-07,2025-11-05,55.71,1.77,53.94,#38081353416961,card,55.71,USD,USD
2025-11-01 20:57:20 -0400,charge,#40190,american_express,online,paid,2025-11-07,2025-11-05,103.96,3.68,100.28,#38081336967425,card,103.96,USD,USD
2025-11-01 20:47:57 -0400,charge,#40189,master,online,paid,2025-11-07,2025-11-05,99.96,2.95,97.01,#38081318256897,card,99.96,USD,USD
2025-11-01 20:43:12 -0400,charge,#40188,master,online,paid,2025-11-07,2025-11-05,56.48,1.79,54.69,#38081305575681,card,56.48,USD,USD
2025-11-01 20:41:00 -0400,charge,#40187,visa,online,paid,2025-11-07,2025-11-05,58.29,1.85,56.44,#38081302331649,card,58.29,USD,USD
2025-11-01 20:26:13 -0400,charge,#40185,american_express,online,paid,2025-11-07,2025-11-05,171.75,5.88,165.87,#38081270546689,card,171.75,USD,USD
2025-11-01 19:49:04 -0400,charge,#40184,discover,online,paid,2025-11-07,2025-11-05,103.96,3.06,100.90,#38081177125121,card,103.96,USD,USD
2025-11-01 19:26:39 -0400,charge,#40183,visa,online,paid,2025-11-07,2025-11-05,28.25,1.05,27.20,#38079454806273,card,28.25,USD,USD
2025-11-01 19:07:59 -0400,charge,#40182,visa,online,paid,2025-11-07,2025-11-05,60.90,1.91,58.99,#38081089405185,card,60.90,USD,USD
2025-11-01 18:47:34 -0400,charge,#40180,american_express,online,paid,2025-11-07,2025-11-05,129.96,4.52,125.44,#38070848061697,card,129.96,USD,USD
2025-11-01 18:41:53 -0400,charge,#40179,visa,online,paid,2025-11-07,2025-11-05,56.48,1.79,54.69,#38081024950529,card,56.48,USD,USD
2025-11-01 18:15:28 -0400,charge,#40178,visa,online,paid,2025-11-07,2025-11-05,32.95,1.17,31.78,#38080965476609,card,32.95,USD,USD
2025-11-01 17:36:03 -0400,charge,#40176,visa,online,paid,2025-11-07,2025-11-05,71.48,2.20,69.28,#38080866746625,card,71.48,USD,USD
2025-11-01 17:24:39 -0400,charge,#40175,master,online,paid,2025-11-07,2025-11-05,33.11,1.18,31.93,#38080839090433,card,33.11,USD,USD
2025-11-01 17:23:32 -0400,charge,#40174,visa,online,paid,2025-11-07,2025-11-05,60.90,1.91,58.99,#38080834175233,card,60.90,USD,USD
2025-11-01 17:22:11 -0400,charge,#40173,master,online,paid,2025-11-07,2025-11-05,199.44,12.07,187.37,#38080826212609,shop_pay_installments,199.44,USD,USD
2025-11-01 17:21:30 -0400,charge,#40172,visa,online,paid,2025-11-07,2025-11-05,67.90,2.10,65.80,#38080828899585,card,67.90,USD,USD
2025-11-01 17:17:33 -0400,charge,#40171,visa,online,paid,2025-11-07,2025-11-05,224.91,6.26,218.65,#38080811598081,card,224.91,USD,USD
2025-11-01 17:10:41 -0400,charge,#40170,visa,online,paid,2025-11-07,2025-11-05,63.19,1.97,61.22,#38080792953089,card,63.19,USD,USD
2025-11-01 17:08:07 -0400,charge,#40169,visa,online,paid,2025-11-07,2025-11-05,61.62,1.93,59.69,#38080794263809,card,61.62,USD,USD
2025-11-01 16:56:28 -0400,charge,#40168,visa,online,paid,2025-11-07,2025-11-05,4.27,0.44,3.83,#38080747798785,card,4.27,USD,USD
2025-11-01 16:44:34 -0400,charge,#40167,master,online,paid,2025-11-07,2025-11-05,281.92,7.77,274.15,#38079162712321,card,281.92,USD,USD
2025-11-01 16:41:56 -0400,charge,#40166,visa,online,paid,2025-11-07,2025-11-05,311.46,8.56,302.90,#38080718340353,card,311.46,USD,USD
2025-11-01 16:35:02 -0400,charge,#40165,visa,online,paid,2025-11-07,2025-11-05,135.80,3.90,131.90,#38080702021889,card,135.80,USD,USD
2025-11-01 16:21:31 -0400,charge,#40164,master,online,paid,2025-11-07,2025-11-05,11.71,0.61,11.10,#38080660439297,card,11.71,USD,USD
2025-11-01 16:17:47 -0400,charge,#40163,master,online,paid,2025-11-07,2025-11-05,37.94,1.31,36.63,#38080651067649,card,37.94,USD,USD
2025-11-01 16:17:37 -0400,charge,#40162,visa,online,paid,2025-11-07,2025-11-05,52.48,1.69,50.79,#38080647987457,card,52.48,USD,USD
2025-11-01 15:42:34 -0400,charge,#40161,master,online,paid,2025-11-07,2025-11-05,56.30,1.79,54.51,#38080540377345,card,56.30,USD,USD
2025-11-01 15:40:29 -0400,charge,#40160,discover,online,paid,2025-11-07,2025-11-05,39.23,1.58,37.65,#38080534577409,card,39.23,USD,USD
2025-11-01 15:18:39 -0400,charge,#40159,visa,online,paid,2025-11-07,2025-11-05,32.85,1.17,31.68,#38080463929601,card,32.85,USD,USD
2025-11-01 15:13:35 -0400,charge,#40158,visa,online,paid,2025-11-07,2025-11-05,61.11,1.92,59.19,#38079840157953,card,61.11,USD,USD
2025-11-01 15:01:07 -0400,charge,#40157,visa,online,paid,2025-11-07,2025-11-05,124.01,3.59,120.42,#38080404357377,card,124.01,USD,USD
2025-11-01 14:56:08 -0400,marketplace sales tax,#40156,unknown,online,paid,2025-11-07,2025-11-01,-11.20,0.00,-11.20,,,,,USD
2025-11-01 14:46:47 -0400,charge,#40155,american_express,online,paid,2025-11-07,2025-11-05,110.77,3.90,106.87,#38080357597441,card,110.77,USD,USD
2025-11-01 14:43:46 -0400,charge,#40153,discover,online,paid,2025-11-07,2025-11-05,116.58,3.38,113.20,#38080316735745,card,116.58,USD,USD
2025-11-01 14:28:16 -0400,charge,#40152,visa,online,paid,2025-11-07,2025-11-05,51.77,1.67,50.10,#38080300318977,card,51.77,USD,USD
2025-11-01 14:11:21 -0400,shop_cash_campaign_billing_debit,#40150,unknown,online,paid,2025-11-07,2025-11-01,-27.00,0.00,-27.00,,,,,USD
2025-11-01 14:11:20 -0400,marketplace sales tax,#40150,unknown,online,paid,2025-11-07,2025-11-01,-6.24,0.00,-6.24,,,,,USD
2025-11-01 14:11:19 -0400,charge,#40150,visa,online,paid,2025-11-07,2025-11-05,110.20,3.23,106.97,#38080233505025,card,110.20,USD,USD
2025-11-01 14:08:20 -0400,charge,#40149,visa,online,paid,2025-11-07,2025-11-05,142.75,4.08,138.67,#38080233570561,card,142.75,USD,USD
2025-11-01 13:57:12 -0400,charge,#40147,master,online,paid,2025-11-07,2025-11-05,113.98,3.32,110.66,#38080171016449,card,113.98,USD,USD
2025-11-01 13:55:41 -0400,charge,#40146,visa,online,paid,2025-11-07,2025-11-05,121.80,3.53,118.27,#38079947800833,card,121.80,USD,USD
2025-11-01 13:52:46 -0400,charge,#40145,master,online,paid,2025-11-07,2025-11-05,67.90,2.10,65.80,#38080185303297,card,67.90,USD,USD
2025-11-01 13:52:13 -0400,charge,#40144,visa,online,paid,2025-11-07,2025-11-05,122.22,3.54,118.68,#38080175276289,card,122.22,USD,USD
2025-11-01 13:52:04 -0400,charge,#40143,master,online,paid,2025-11-07,2025-11-05,54.50,1.74,52.76,#38080179765505,card,54.50,USD,USD
2025-11-01 13:47:02 -0400,charge,#40142,american_express,online,paid,2025-11-07,2025-11-05,53.90,2.05,51.85,#38080164888833,card,53.90,USD,USD
2025-11-01 13:42:36 -0400,charge,#40141,master,online,paid,2025-11-07,2025-11-05,67.90,2.10,65.80,#38032077750529,card,67.90,USD,USD
2025-11-01 13:24:55 -0400,charge,#40138,american_express,online,paid,2025-11-07,2025-11-05,60.43,2.26,58.17,#38080094961921,card,60.43,USD,USD
2025-11-01 13:22:09 -0400,refund,#31576,visa,online,paid,2025-11-07,2025-11-01,-13.90,0.00,-13.90,#37646912848129,card,13.90,USD,USD
2025-11-01 13:15:42 -0400,charge,#40137,discover,online,paid,2025-11-07,2025-11-05,29.54,1.08,28.46,#38080053870849,card,29.54,USD,USD
2025-11-01 13:14:44 -0400,charge,#40136,discover,online,paid,2025-11-07,2025-11-05,10.94,0.59,10.35,#38080060621057,card,10.94,USD,USD
2025-11-01 13:09:48 -0400,charge,#40135,master,online,paid,2025-11-07,2025-11-05,28.94,1.06,27.88,#38080041681153,card,28.94,USD,USD
2025-11-01 13:07:00 -0400,charge,#40134,american_express,online,paid,2025-11-07,2025-11-05,91.67,3.28,88.39,#38080030474497,card,91.67,USD,USD
2025-11-01 12:43:03 -0400,charge,#40132,master,online,paid,2025-11-07,2025-11-05,103.96,3.06,100.90,#38079931318529,card,103.96,USD,USD
2025-11-01 12:43:01 -0400,charge,#40131,master,online,paid,2025-11-07,2025-11-05,122.22,3.54,118.68,#38079953109249,card,122.22,USD,USD
2025-11-01 12:36:48 -0400,charge,#40130,visa,online,paid,2025-11-07,2025-11-05,97.02,2.88,94.14,#38079901008129,card,97.02,USD,USD
2025-11-01 12:33:31 -0400,charge,#40129,visa,online,paid,2025-11-07,2025-11-05,54.50,1.74,52.76,#38056005665025,card,54.50,USD,USD
2025-11-01 12:32:37 -0400,charge,#40128,visa,online,paid,2025-11-07,2025-11-05,153.90,4.38,149.52,#38079912149249,card,153.90,USD,USD
2025-11-01 12:32:33 -0400,charge,#40127,visa,online,paid,2025-11-07,2025-11-05,109.62,3.86,105.76,#38079917097217,card,109.62,USD,USD
2025-11-01 12:30:30 -0400,charge,#40125,master,online,paid,2025-11-07,2025-11-05,121.28,7.46,113.82,#38079907594497,shop_pay_installments,121.28,USD,USD
2025-11-01 12:29:09 -0400,charge,#40124,visa,online,paid,2025-11-07,2025-11-05,92.85,2.76,90.09,#38079907922177,card,92.85,USD,USD
2025-11-01 12:21:08 -0400,charge,#40123,master,online,paid,2025-11-07,2025-11-05,103.96,6.43,97.53,#38079877447937,shop_pay_installments,103.96,USD,USD
2025-11-01 12:16:27 -0400,charge,#40121,master,online,paid,2025-11-07,2025-11-05,69.90,2.15,67.75,#38079861391617,card,69.90,USD,USD
2025-11-01 12:12:55 -0400,charge,#40120,master,online,paid,2025-11-07,2025-11-05,30.94,1.12,29.82,#38079848481025,card,30.94,USD,USD
2025-11-01 12:04:41 -0400,charge,#40119,visa,online,paid,2025-11-07,2025-11-05,128.96,7.91,121.05,#38079798837505,shop_pay_installments,128.96,USD,USD
2025-11-01 12:02:41 -0400,charge,#40118,american_express,online,paid,2025-11-07,2025-11-05,109.62,3.86,105.76,#38079803687169,card,109.62,USD,USD
2025-11-01 12:02:37 -0400,charge,#40117,american_express,online,paid,2025-11-07,2025-11-05,54.50,2.07,52.43,#38079799886081,card,54.50,USD,USD
2025-11-01 12:02:30 -0400,charge,#40116,visa,online,paid,2025-11-07,2025-11-05,130.33,7.99,122.34,#38079806177537,shop_pay_installments,130.33,USD,USD
2025-11-01 12:01:37 -0400,charge,#40115,visa,online,paid,2025-11-07,2025-11-05,83.77,2.52,81.25,#38079788777729,card,83.77,USD,USD
2025-11-01 12:00:16 -0400,charge,#40114,visa,online,paid,2025-11-07,2025-11-05,53.90,1.73,52.17,#38079792972033,card,53.90,USD,USD
2025-11-01 11:58:04 -0400,charge,#40113,visa,online,paid,2025-11-07,2025-11-05,61.11,2.28,58.83,#38079788515585,card,61.11,USD,USD
2025-11-01 11:55:09 -0400,charge,#40112,american_express,online,paid,2025-11-07,2025-11-05,145.53,5.03,140.50,#38079777702145,card,145.53,USD,USD
2025-11-01 11:54:05 -0400,charge,#40111,master,online,paid,2025-11-07,2025-11-05,37.94,1.31,36.63,#38079777407233,card,37.94,USD,USD
2025-11-01 11:48:53 -0400,charge,#40109,visa,online,paid,2025-11-07,2025-11-05,51.09,1.66,49.43,#38079764365569,card,51.09,USD,USD
2025-11-01 11:41:22 -0400,charge,#40108,visa,online,paid,2025-11-07,2025-11-05,97.02,2.88,94.14,#38079728451841,card,97.02,USD,USD
2025-11-01 11:40:57 -0400,charge,#40107,visa,online,paid,2025-11-07,2025-11-05,54.50,1.74,52.76,#38079718293761,card,54.50,USD,USD
2025-11-01 11:28:31 -0400,charge,#40106,american_express,online,paid,2025-11-07,2025-11-05,55.59,2.10,53.49,#38079678546177,card,55.59,USD,USD
2025-11-01 11:27:15 -0400,charge,#40105,visa,online,paid,2025-11-07,2025-11-05,67.90,2.10,65.80,#38079696142593,card,67.90,USD,USD
2025-11-01 11:19:48 -0400,charge,#40104,american_express,online,paid,2025-11-07,2025-11-05,310.16,18.60,291.56,#38079669272833,shop_pay_installments,310.16,USD,USD
2025-11-01 11:16:34 -0400,charge,#40103,master,online,paid,2025-11-07,2025-11-05,121.96,3.53,118.43,#38079665864961,card,121.96,USD,USD
2025-11-01 11:10:19 -0400,charge,#40102,visa,online,paid,2025-11-07,2025-11-05,139.20,8.51,130.69,#38079641682177,shop_pay_installments,139.20,USD,USD
2025-11-01 11:08:54 -0400,charge,#40101,master,online,paid,2025-11-07,2025-11-05,57.40,1.83,55.57,#38079615598849,card,57.40,USD,USD
2025-11-01 11:05:52 -0400,charge,#40100,visa,online,paid,2025-11-07,2025-11-05,51.81,1.99,49.82,#38079604457729,card,51.81,USD,USD
2025-11-01 11:03:16 -0400,charge,#40099,visa,online,paid,2025-11-07,2025-11-05,59.90,1.89,58.01,#38079621333249,card,59.90,USD,USD
2025-11-01 10:58:10 -0400,charge,#40098,american_express,online,paid,2025-11-07,2025-11-05,110.07,3.88,106.19,#38079600066817,card,110.07,USD,USD
2025-11-01 10:56:37 -0400,charge,#40097,visa,online,paid,2025-11-07,2025-11-05,103.96,3.06,100.90,#38079604064513,card,103.96,USD,USD
2025-11-01 10:55:54 -0400,charge,#40096,master,online,paid,2025-11-07,2025-11-05,96.10,2.84,93.26,#38079592005889,card,96.10,USD,USD
2025-11-01 10:27:38 -0400,charge,#40095,visa,online,paid,2025-11-07,2025-11-05,53.90,1.73,52.17,#38079523094785,card,53.90,USD,USD
2025-11-01 10:22:36 -0400,charge,#40094,visa,online,paid,2025-11-07,2025-11-05,97.02,2.88,94.14,#38079502352641,card,97.02,USD,USD
2025-11-01 10:21:11 -0400,charge,#40093,visa,online,paid,2025-11-07,2025-11-05,113.98,3.32,110.66,#38079503139073,card,113.98,USD,USD
2025-11-01 10:20:40 -0400,charge,#40092,visa,online,paid,2025-11-07,2025-11-05,80.85,2.44,78.41,#38079497240833,card,80.85,USD,USD
2025-11-01 10:16:33 -0400,charge,#40091,visa,online,paid,2025-11-07,2025-11-05,74.84,2.28,72.56,#38079476433153,card,74.84,USD,USD
2025-11-01 10:04:43 -0400,charge,#40090,american_express,online,paid,2025-11-07,2025-11-05,54.50,2.07,52.43,#38079451693313,card,54.50,USD,USD
2025-11-01 10:00:58 -0400,charge,#40089,visa,online,paid,2025-11-07,2025-11-05,101.85,3.00,98.85,#38079443861761,card,101.85,USD,USD
2025-11-01 09:52:16 -0400,charge,#40088,master,online,paid,2025-11-07,2025-11-05,104.28,3.07,101.21,#38072414306561,card,104.28,USD,USD
2025-11-01 09:44:02 -0400,charge,#40087,visa,online,paid,2025-11-07,2025-11-05,112.28,3.28,109.00,#38079398674689,card,112.28,USD,USD
2025-11-01 09:42:11 -0400,charge,#40086,american_express,online,paid,2025-11-07,2025-11-05,58.29,2.20,56.09,#38069767831809,card,58.29,USD,USD
2025-11-01 09:41:19 -0400,charge,#40085,master,online,paid,2025-11-07,2025-11-05,70.89,4.48,66.41,#38079386943745,shop_pay_installments,70.89,USD,USD
2025-11-01 09:36:46 -0400,charge,#40084,master,online,paid,2025-11-07,2025-11-05,84.48,2.54,81.94,#38079379046657,card,84.48,USD,USD
2025-11-01 09:28:13 -0400,charge,#40082,visa,online,paid,2025-11-07,2025-11-05,97.02,6.02,91.00,#38079353815297,shop_pay_installments,97.02,USD,USD
2025-11-01 09:15:58 -0400,charge,#40080,visa,online,paid,2025-11-07,2025-11-05,51.21,1.66,49.55,#38079316230401,card,51.21,USD,USD
2025-11-01 09:07:05 -0400,charge,#40079,master,online,paid,2025-11-07,2025-11-05,61.11,1.92,59.19,#38079301484801,card,61.11,USD,USD
2025-11-01 08:58:34 -0400,charge,#40078,visa,online,paid,2025-11-07,2025-11-05,259.22,7.17,252.05,#38079279399169,card,259.22,USD,USD
2025-11-01 08:45:37 -0400,charge,#40077,visa,online,paid,2025-11-07,2025-11-05,121.28,3.51,117.77,#38079247483137,card,121.28,USD,USD
2025-11-01 08:26:18 -0400,charge,#40075,visa,online,paid,2025-11-07,2025-11-05,30.94,1.12,29.82,#38079208653057,card,30.94,USD,USD
2025-11-01 08:24:59 -0400,charge,#40074,visa,online,paid,2025-11-07,2025-11-05,122.22,3.54,118.68,#38079204065537,card,122.22,USD,USD
2025-11-01 07:57:08 -0400,charge,#40073,visa,online,paid,2025-11-07,2025-11-05,81.60,2.46,79.14,#38079140004097,card,81.60,USD,USD
2025-11-01 06:30:18 -0400,marketplace sales tax,#40072,unknown,online,paid,2025-11-07,2025-11-01,-6.11,0.00,-6.11,,,,,USD
2025-11-01 06:30:16 -0400,charge,#40072,visa,online,paid,2025-11-07,2025-11-05,107.96,3.16,104.80,#38078949818625,card,107.96,USD,USD
2025-11-01 04:42:05 -0400,charge,#40071,visa,online,paid,2025-11-07,2025-11-05,122.22,7.51,114.71,#38078759010561,shop_pay_installments,122.22,USD,USD
2025-11-01 00:18:30 -0400,charge,#40070,visa,online,paid,2025-11-07,2025-11-05,110.72,3.24,107.48,#38078344364289,card,110.72,USD,USD
2025-11-01 00:11:35 -0400,charge,#40069,american_express,online,paid,2025-11-07,2025-11-05,53.90,2.05,51.85,#38078331977985,card,53.90,USD,USD
2025-10-31 22:24:26 -0400,charge,#40066,visa,online,paid,2025-11-07,2025-11-05,58.29,3.74,54.55,#38078131994881,shop_pay_installments,58.29,USD,USD
2025-10-31 22:22:26 -0400,charge,#40065,visa,online,paid,2025-11-07,2025-11-05,115.43,4.05,111.38,#38078132224257,card,115.43,USD,USD
2025-10-31 21:57:41 -0400,charge,#40063,master,online,paid,2025-11-07,2025-11-05,75.90,2.31,73.59,#38078083399937,card,75.90,USD,USD
2025-10-31 21:52:42 -0400,charge,#40061,master,online,paid,2025-11-07,2025-11-05,51.09,1.66,49.43,#38078073176321,card,51.09,USD,USD
2025-10-31 21:52:22 -0400,charge,#40060,american_express,online,paid,2025-11-07,2025-11-05,72.77,2.67,70.10,#38078068588801,card,72.77,USD,USD
2025-10-31 21:36:45 -0400,charge,#40059,master,online,paid,2025-11-07,2025-11-05,53.90,1.73,52.17,#38078040867073,card,53.90,USD,USD
2025-10-31 21:17:57 -0400,charge,#40058,master,online,paid,2025-11-07,2025-11-05,194.04,5.44,188.60,#38077987553537,card,194.04,USD,USD
2025-10-31 20:58:51 -0400,charge,#40057,visa,online,paid,2025-11-07,2025-11-05,176.20,4.97,171.23,#38077940859137,card,176.20,USD,USD
2025-10-31 20:41:57 -0400,charge,#40056,american_express,online,paid,2025-11-07,2025-11-05,28.25,1.22,27.03,#38077917331713,card,28.25,USD,USD
2025-10-31 20:34:56 -0400,charge,#40055,visa,online,paid,2025-11-07,2025-11-05,61.90,1.94,59.96,#38077907173633,card,61.90,USD,USD
2025-10-31 20:24:22 -0400,charge,#40054,american_express,online,paid,2025-11-07,2025-11-05,103.96,3.68,100.28,#38077880369409,card,103.96,USD,USD
2025-10-31 20:16:56 -0400,charge,#40053,master,online,paid,2025-11-07,2025-11-05,92.57,2.75,89.82,#38077853434113,card,92.57,USD,USD
2025-10-31 20:14:56 -0400,charge,#40052,visa,online,paid,2025-11-07,2025-11-05,67.90,2.10,65.80,#38077861167361,card,67.90,USD,USD
2025-10-31 19:49:45 -0400,charge,#40051,visa,online,paid,2025-11-07,2025-11-05,56.48,1.79,54.69,#38077806018817,card,56.48,USD,USD
2025-10-31 19:16:41 -0400,charge,#40050,visa,online,paid,2025-11-07,2025-11-05,139.28,3.99,135.29,#38077736091905,card,139.28,USD,USD
2025-10-31 19:06:04 -0400,shop_cash_credit,#40049,unknown,online,paid,2025-11-07,2025-10-31,15.37,0.38,14.99,,,,,USD
2025-10-31 18:39:30 -0400,marketplace sales tax,#40049,unknown,online,paid,2025-11-07,2025-10-31,-7.88,0.00,-7.88,,,,,USD
2025-10-31 18:39:12 -0400,charge,#40049,visa,online,paid,2025-11-07,2025-11-05,89.53,2.67,86.86,#38077656563969,card,89.53,USD,USD
2025-10-31 18:39:12 -0400,shop_cash_campaign_billing_debit,#40049,unknown,online,paid,2025-11-07,2025-10-31,-27.00,0.00,-27.00,,,,,USD
2025-10-31 17:59:56 -0400,charge,#40046,visa,online,paid,2025-11-07,2025-11-05,43.23,1.44,41.79,#38056797798657,card,43.23,USD,USD
2025-10-31 17:36:40 -0400,charge,#40045,master,online,paid,2025-11-07,2025-11-05,103.96,3.06,100.90,#38077514645761,card,103.96,USD,USD
2025-10-31 17:33:18 -0400,charge,#40044,american_express,online,paid,2025-11-07,2025-11-05,117.30,4.12,113.18,#38077509828865,card,117.30,USD,USD
2025-10-31 17:18:48 -0400,charge,#40043,master,online,paid,2025-11-07,2025-11-05,48.89,1.59,47.30,#38077474701569,card,48.89,USD,USD
2025-10-31 17:14:55 -0400,charge,#40042,visa,online,paid,2025-11-07,2025-11-05,68.73,2.12,66.61,#38077446291713,card,68.73,USD,USD
2025-10-31 17:11:31 -0400,charge,#40041,master,online,paid,2025-11-07,2025-11-05,103.81,3.06,100.75,#38077157441793,card,103.81,USD,USD
2025-10-31 17:00:06 -0400,charge,#40040,visa,online,paid,2025-11-07,2025-11-05,113.02,3.30,109.72,#38077420306689,card,113.02,USD,USD
2025-10-31 16:01:44 -0400,charge,#40039,visa,online,paid,2025-11-07,2025-11-05,31.85,1.15,30.70,#38077262233857,card,31.85,USD,USD
2025-10-31 15:44:16 -0400,charge,#40037,american_express,online,paid,2025-11-07,2025-11-05,54.50,2.07,52.43,#38077218095361,card,54.50,USD,USD
2025-10-31 15:40:53 -0400,charge,#40035,visa,online,paid,2025-11-07,2025-11-05,39.89,1.36,38.53,#38077210231041,card,39.89,USD,USD
2025-10-31 15:33:25 -0400,charge,#40034,visa,online,paid,2025-11-07,2025-11-05,72.91,2.23,70.68,#38077184246017,card,72.91,USD,USD
2025-10-31 15:30:44 -0400,charge,#40032,visa,online,paid,2025-11-07,2025-11-05,54.50,1.74,52.76,#38077177397505,card,54.50,USD,USD
2025-10-31 15:29:21 -0400,charge,#40031,visa,online,paid,2025-11-07,2025-11-05,117.01,4.11,112.90,#38077181329665,card,117.01,USD,USD
2025-10-31 15:24:46 -0400,charge,#40030,american_express,online,paid,2025-11-07,2025-11-05,159.23,5.48,153.75,#38077164585217,card,159.23,USD,USD
2025-10-31 14:37:13 -0400,charge,#40029,master,online,paid,2025-11-07,2025-11-05,145.53,8.89,136.64,#38077023125761,shop_pay_installments,145.53,USD,USD
2025-10-31 14:27:04 -0400,charge,#40028,visa,online,paid,2025-11-07,2025-11-05,34.55,1.21,33.34,#38076990062849,card,34.55,USD,USD
2025-10-31 13:52:35 -0400,charge,#39786,unknown,online,paid,2025-11-07,2025-11-05,134.05,3.65,130.40,#38070200762625,card,134.05,USD,USD
2025-10-31 13:50:45 -0400,charge,#40026,visa,online,paid,2025-11-07,2025-11-05,53.90,1.73,52.17,#38076844343553,card,53.90,USD,USD
2025-10-31 13:38:08 -0400,charge,#40024,master,online,paid,2025-11-07,2025-11-05,51.81,1.68,50.13,#38076795453697,card,51.81,USD,USD
2025-10-31 13:33:41 -0400,charge,#40023,american_express,online,paid,2025-11-07,2025-11-05,158.13,5.44,152.69,#38076775268609,card,158.13,USD,USD
2025-10-31 13:25:29 -0400,charge,#40022,visa,online,paid,2025-11-07,2025-11-05,30.94,1.12,29.82,#38076773695745,card,30.94,USD,USD
2025-10-31 13:17:31 -0400,charge,#40021,visa,online,paid,2025-11-07,2025-11-05,236.80,6.58,230.22,#38076616114433,card,236.80,USD,USD
2025-10-31 12:53:07 -0400,charge,#40020,visa,online,paid,2025-11-07,2025-11-05,53.79,1.72,52.07,#38054089490689,card,53.79,USD,USD
2025-10-31 12:25:38 -0400,charge,#40018,visa,online,paid,2025-11-07,2025-11-05,39.23,1.34,37.89,#38076599632129,card,39.23,USD,USD
2025-10-31 12:20:05 -0400,charge,#40017,visa,online,paid,2025-11-07,2025-11-05,30.94,1.12,29.82,#38076583543041,card,30.94,USD,USD
2025-10-31 12:17:04 -0400,charge,#40016,visa,online,paid,2025-11-07,2025-11-05,99.98,2.95,97.03,#38076574138625,card,99.98,USD,USD
2025-10-31 12:16:31 -0400,charge,#40015,visa,online,paid,2025-11-07,2025-11-05,101.85,3.00,98.85,#38076572205313,card,101.85,USD,USD
2025-10-31 12:07:43 -0400,charge,#40014,visa,online,paid,2025-11-07,2025-11-05,901.35,29.59,871.76,#38076514205953,card,901.35,USD,USD
2025-10-31 12:04:12 -0400,charge,#40013,visa,online,paid,2025-11-07,2025-11-05,99.35,2.93,96.42,#38076522889473,card,99.35,USD,USD
2025-10-31 12:00:51 -0400,charge,#40012,master,online,paid,2025-11-07,2025-11-05,98.72,2.92,95.80,#38076518629633,card,98.72,USD,USD
2025-10-31 11:56:25 -0400,charge,#40011,visa,online,paid,2025-11-07,2025-11-05,67.90,2.10,65.80,#38076500312321,card,67.90,USD,USD
2025-10-31 11:53:17 -0400,charge,#40010,master,online,paid,2025-11-07,2025-11-05,32.23,1.16,31.07,#38076495954177,card,32.23,USD,USD
2025-10-31 11:53:00 -0400,charge,#39943,unknown,online,paid,2025-11-07,2025-11-05,51.81,1.91,49.90,#38074382844161,card,51.81,USD,USD
2025-10-31 11:50:05 -0400,charge,#39850,unknown,online,paid,2025-11-07,2025-11-05,57.72,1.74,55.98,#38071735976193,card,57.72,USD,USD
2025-10-31 11:48:30 -0400,charge,#39810,unknown,online,paid,2025-11-07,2025-11-05,53.90,1.65,52.25,#38070662168833,card,53.90,USD,USD
2025-10-31 11:32:55 -0400,charge,#40009,master,online,paid,2025-11-07,2025-11-05,61.11,1.92,59.19,#38076432711937,card,61.11,USD,USD
2025-10-31 11:28:23 -0400,charge,#40008,master,online,paid,2025-11-07,2025-11-05,37.94,1.31,36.63,#38076421177601,card,37.94,USD,USD
2025-10-31 11:26:07 -0400,charge,#40007,master,online,paid,2025-11-07,2025-11-05,61.90,1.94,59.96,#38076413411585,card,61.90,USD,USD
2025-10-31 11:20:47 -0400,charge,#40006,visa,online,paid,2025-11-07,2025-11-05,66.54,2.06,64.48,#38073116164353,card,66.54,USD,USD
2025-10-31 11:12:45 -0400,charge,#40005,visa,online,paid,2025-11-07,2025-11-05,51.21,3.32,47.89,#38076292530433,shop_pay_installments,51.21,USD,USD
2025-10-31 11:11:30 -0400,charge,#40004,american_express,online,paid,2025-11-07,2025-11-05,705.38,23.23,682.15,#38076344140033,card,705.38,USD,USD
2025-10-31 11:07:40 -0400,charge,#40003,master,online,paid,2025-11-07,2025-11-05,56.48,1.79,54.69,#38076322349313,card,56.48,USD,USD
2025-10-31 10:53:12 -0400,charge,#40002,visa,online,paid,2025-11-07,2025-11-05,36.97,1.28,35.69,#38076069675265,card,36.97,USD,USD
2025-10-31 10:45:52 -0400,charge,#40001,visa,online,paid,2025-11-07,2025-11-05,103.96,3.06,100.90,#38076297117953,card,103.96,USD,USD
2025-10-31 10:39:15 -0400,charge,#40000,visa,online,paid,2025-11-07,2025-11-05,436.59,11.86,424.73,#38076264874241,card,436.59,USD,USD
2025-10-31 10:27:13 -0400,refund,#37218,american_express,online,paid,2025-11-07,2025-10-31,-33.95,0.00,-33.95,#37940880277761,card,33.95,USD,USD
2025-10-31 10:27:11 -0400,refund,#35196,american_express,online,paid,2025-11-07,2025-10-31,-26.95,0.00,-26.95,#37765240815873,card,26.95,USD,USD
2025-10-31 10:27:08 -0400,refund,#35063,american_express,online,paid,2025-11-07,2025-10-31,-24.68,0.00,-24.68,#37752553603329,card,24.68,USD,USD
2025-10-31 10:18:38 -0400,charge,#39998,master,online,paid,2025-11-07,2025-11-05,53.90,1.73,52.17,#38076221718785,card,53.90,USD,USD
2025-10-31 10:10:24 -0400,charge,#39997,visa,online,paid,2025-11-07,2025-11-05,106.48,3.12,103.36,#38076197404929,card,106.48,USD,USD
2025-10-31 09:54:52 -0400,charge,#39994,master,online,paid,2025-11-07,2025-11-05,167.13,4.73,162.40,#38076113846529,card,167.13,USD,USD
2025-10-31 09:48:54 -0400,charge,#39993,discover,online,paid,2025-11-07,2025-11-05,61.11,2.28,58.83,#38076133671169,card,61.11,USD,USD
2025-10-31 09:47:47 -0400,charge,#39992,american_express,online,paid,2025-11-07,2025-11-05,245.70,8.29,237.41,#38076132098305,card,245.70,USD,USD
2025-10-31 09:40:31 -0400,charge,#39991,visa,online,paid,2025-11-07,2025-11-05,28.25,1.05,27.20,#38076106014977,card,28.25,USD,USD
2025-10-31 09:37:21 -0400,charge,#39990,visa,online,paid,2025-11-07,2025-11-05,55.71,1.77,53.94,#38076101689601,card,55.71,USD,USD
2025-10-31 09:13:18 -0400,charge,#39989,visa,online,paid,2025-11-07,2025-11-05,61.11,3.91,57.20,#38075975106817,shop_pay_installments,61.11,USD,USD
2025-10-31 09:11:08 -0400,charge,#39988,visa,online,paid,2025-11-07,2025-11-05,113.98,3.32,110.66,#38076040282369,card,113.98,USD,USD
2025-10-31 08:59:35 -0400,charge,#39985,visa,online,paid,2025-11-07,2025-11-05,58.18,1.84,56.34,#38076012200193,card,58.18,USD,USD
2025-10-31 08:51:25 -0400,charge,#39984,master,online,paid,2025-11-07,2025-11-05,113.98,3.32,110.66,#38075987788033,card,113.98,USD,USD
2025-10-31 08:46:02 -0400,charge,#39983,master,online,paid,2025-11-07,2025-11-05,122.54,3.54,119.00,#38075972256001,card,122.54,USD,USD
2025-10-31 08:37:01 -0400,charge,#39982,visa,online,paid,2025-11-07,2025-11-05,53.90,1.73,52.17,#38075957084417,card,53.90,USD,USD
2025-10-31 08:34:18 -0400,charge,#39981,visa,online,paid,2025-11-07,2025-11-05,37.94,1.31,36.63,#38075953742081,card,37.94,USD,USD
2025-10-31 07:57:57 -0400,charge,#39980,visa,online,paid,2025-11-07,2025-11-05,61.11,1.92,59.19,#38075866448129,card,61.11,USD,USD
2025-10-31 07:52:44 -0400,charge,#39979,visa,online,paid,2025-11-07,2025-11-05,58.76,1.86,56.90,#38075856486657,card,58.76,USD,USD
2025-10-31 07:45:46 -0400,charge,#39978,visa,online,paid,2025-11-07,2025-11-05,30.94,1.12,29.82,#38075843346689,card,30.94,USD,USD
2025-10-31 07:42:22 -0400,charge,#39977,visa,online,paid,2025-11-07,2025-11-05,53.90,1.73,52.17,#38075836563713,card,53.90,USD,USD
2025-10-31 07:39:30 -0400,charge,#39976,visa,online,paid,2025-11-07,2025-11-05,34.55,1.21,33.34,#38075827781889,card,34.55,USD,USD
2025-10-31 06:09:03 -0400,charge,#39975,master,online,paid,2025-11-07,2025-11-05,55.78,1.77,54.01,#38075629240577,card,55.78,USD,USD
2025-10-31 05:58:52 -0400,charge,#39974,master,online,paid,2025-11-07,2025-11-05,68.83,2.12,66.71,#38074657308929,card,68.83,USD,USD
2025-10-31 02:07:22 -0400,charge,#39972,visa,online,paid,2025-11-07,2025-11-05,97.02,2.88,94.14,#38075239432449,card,97.02,USD,USD
2025-10-31 02:03:57 -0400,charge,#39971,visa,online,paid,2025-11-07,2025-11-05,41.23,1.39,39.84,#38075234517249,card,41.23,USD,USD
2025-10-31 01:39:45 -0400,charge,#39970,master,online,paid,2025-11-07,2025-11-05,97.02,2.88,94.14,#38075192770817,card,97.02,USD,USD
2025-10-31 00:50:38 -0400,charge,#39969,visa,online,paid,2025-11-07,2025-11-05,54.50,1.74,52.76,#38075122221313,card,54.50,USD,USD
2025-10-31 00:19:19 -0400,charge,#39967,visa,online,paid,2025-11-07,2025-11-05,53.90,1.73,52.17,#38075062616321,card,53.90,USD,USD
2025-10-30 23:03:54 -0400,charge,#39964,visa,online,paid,2025-11-07,2025-11-05,91.63,2.73,88.90,#38074883604737,card,91.63,USD,USD
2025-10-30 21:57:50 -0400,charge,#39963,visa,online,paid,2025-11-07,2025-11-05,113.98,3.32,110.66,#38074793132289,card,113.98,USD,USD
2025-10-30 21:54:55 -0400,charge,#39962,visa,online,paid,2025-11-07,2025-11-05,63.48,1.99,61.49,#38074788643073,card,63.48,USD,USD
2025-10-30 21:47:31 -0400,charge,#39961,visa,online,paid,2025-11-07,2025-11-05,54.50,1.74,52.76,#38074764820737,card,54.50,USD,USD
2025-10-30 21:45:30 -0400,charge,#39960,visa,online,paid,2025-11-07,2025-11-05,61.90,1.94,59.96,#38074764656897,card,61.90,USD,USD
2025-10-30 21:44:49 -0400,charge,#39959,visa,online,paid,2025-11-07,2025-11-05,113.02,3.30,109.72,#38074761085185,card,113.02,USD,USD
2025-10-30 21:43:11 -0400,charge,#39958,master,online,paid,2025-11-07,2025-11-05,63.48,1.99,61.49,#38074755809537,card,63.48,USD,USD
2025-10-30 21:37:29 -0400,charge,#39957,visa,online,paid,2025-11-07,2025-11-05,75.85,2.31,73.54,#38071366975745,card,75.85,USD,USD
2025-10-30 21:28:42 -0400,charge,#39956,visa,online,paid,2025-11-07,2025-11-05,139.06,3.99,135.07,#38074719240449,card,139.06,USD,USD
2025-10-30 21:21:36 -0400,charge,#39955,visa,online,paid,2025-11-07,2025-11-05,34.55,1.21,33.34,#38074677592321,card,34.55,USD,USD
2025-10-30 21:03:46 -0400,charge,#39954,master,online,paid,2025-11-07,2025-11-05,129.96,3.74,126.22,#38074634109185,card,129.96,USD,USD
2025-10-30 20:25:46 -0400,charge,#39952,visa,online,paid,2025-11-07,2025-11-05,34.55,1.21,33.34,#38074574536961,card,34.55,USD,USD
2025-10-30 20:25:40 -0400,charge,#39951,american_express,online,paid,2025-11-07,2025-11-05,103.34,3.66,99.68,#38074572570881,card,103.34,USD,USD
2025-10-30 20:16:58 -0400,charge,#39950,visa,online,paid,2025-11-07,2025-11-05,37.94,1.31,36.63,#38074550124801,card,37.94,USD,USD
2025-10-30 20:15:05 -0400,charge,#39949,visa,online,paid,2025-11-07,2025-11-05,79.07,2.40,76.67,#38074548748545,card,79.07,USD,USD
2025-10-30 20:04:28 -0400,charge,#39947,visa,online,paid,2025-11-07,2025-11-05,69.41,2.14,67.27,#38074519912705,card,69.41,USD,USD
2025-10-30 19:44:29 -0400,charge,#39945,visa,online,paid,2025-11-07,2025-11-04,53.90,1.73,52.17,#38074478428417,card,53.90,USD,USD
2025-10-30 19:23:28 -0400,charge,#39944,visa,online,paid,2025-11-07,2025-11-04,54.50,1.74,52.76,#38074423542017,card,54.50,USD,USD
2025-10-30 18:40:04 -0400,charge,#39942,visa,online,paid,2025-11-07,2025-11-04,30.94,1.12,29.82,#38074322223361,card,30.94,USD,USD
2025-10-30 18:26:02 -0400,charge,#39940,visa,online,paid,2025-11-07,2025-11-04,55.19,1.76,53.43,#38073027723521,card,55.19,USD,USD
2025-10-30 18:18:47 -0400,charge,#39939,visa,online,paid,2025-11-07,2025-11-04,58.29,1.85,56.44,#38074265600257,card,58.29,USD,USD
2025-10-30 17:49:27 -0400,charge,#39937,visa,online,paid,2025-11-07,2025-11-04,140.32,4.02,136.30,#38074205733121,card,140.32,USD,USD
2025-10-30 17:35:16 -0400,charge,#39935,visa,online,paid,2025-11-07,2025-11-04,176.20,4.97,171.23,#38074156613889,card,176.20,USD,USD
2025-10-30 17:30:51 -0400,charge,#39934,master,online,paid,2025-11-07,2025-11-04,103.96,6.43,97.53,#38074161660161,shop_pay_installments,103.96,USD,USD
2025-10-30 17:09:34 -0400,charge,#39933,master,online,paid,2025-11-07,2025-11-04,135.80,3.90,131.90,#38074107298049,card,135.80,USD,USD
2025-10-30 16:55:56 -0400,charge,#39932,visa,online,paid,2025-11-07,2025-11-04,67.90,2.10,65.80,#38074070237441,card,67.90,USD,USD
2025-10-30 16:50:39 -0400,charge,#39930,visa,online,paid,2025-11-07,2025-11-04,54.50,1.74,52.76,#38073927958785,card,54.50,USD,USD
2025-10-30 16:49:46 -0400,refund,#39777,visa,online,paid,2025-11-07,2025-11-03,-53.90,0.00,-53.90,#38069992816897,card,53.90,USD,USD
2025-10-30 16:47:59 -0400,charge,#39929,master,online,paid,2025-11-07,2025-11-04,64.71,2.02,62.69,#38074049528065,card,64.71,USD,USD
2025-10-30 16:42:45 -0400,charge,#39928,visa,online,paid,2025-11-07,2025-11-04,63.48,1.99,61.49,#38074039369985,card,63.48,USD,USD
2025-10-30 16:27:43 -0400,charge,#39926,visa,online,paid,2025-11-07,2025-11-04,58.32,1.85,56.47,#38074003751169,card,58.32,USD,USD
2025-10-30 16:23:21 -0400,charge,#39925,master,online,paid,2025-11-07,2025-11-04,107.13,3.14,103.99,#38073988481281,card,107.13,USD,USD
2025-10-30 16:03:43 -0400,charge,#39924,visa,online,paid,2025-11-07,2025-11-04,17.89,0.78,17.11,#38073944506625,card,17.89,USD,USD
2025-10-30 15:52:05 -0400,charge,#39922,discover,online,paid,2025-11-07,2025-11-04,53.90,1.73,52.17,#38073880281345,card,53.90,USD,USD
2025-10-30 15:34:51 -0400,charge,#39921,master,online,paid,2025-11-07,2025-11-04,11.94,0.62,11.32,#38073861734657,card,11.94,USD,USD
2025-10-30 15:28:33 -0400,charge,#39920,visa,online,paid,2025-11-07,2025-11-04,109.62,3.20,106.42,#38073843286273,card,109.62,USD,USD
2025-10-30 15:08:33 -0400,charge,#39919,american_express,online,paid,2025-11-07,2025-11-04,639.81,21.09,618.72,#38072636965121,card,639.81,USD,USD
2025-10-30 15:06:12 -0400,charge,#39917,visa,online,paid,2025-11-07,2025-11-04,43.23,1.44,41.79,#38073784664321,card,43.23,USD,USD
2025-10-30 14:53:08 -0400,charge,#39916,visa,online,paid,2025-11-07,2025-11-04,38.94,1.33,37.61,#38073699270913,card,38.94,USD,USD
2025-10-30 14:52:14 -0400,charge,#39915,master,online,paid,2025-11-07,2025-11-04,169.79,4.79,165.00,#38072793268481,card,169.79,USD,USD
2025-10-30 13:59:04 -0400,charge,#39914,american_express,online,paid,2025-11-07,2025-11-04,28.25,1.22,27.03,#38073275089153,card,28.25,USD,USD
2025-10-30 13:53:17 -0400,charge,#39913,american_express,online,paid,2025-11-07,2025-11-04,57.08,2.16,54.92,#38073255395585,card,57.08,USD,USD
2025-10-30 13:49:45 -0400,charge,#39912,american_express,online,paid,2025-11-07,2025-11-04,55.71,2.11,53.60,#38073224167681,card,55.71,USD,USD
2025-10-30 13:46:43 -0400,charge,#39911,visa,online,paid,2025-11-07,2025-11-04,53.90,1.73,52.17,#38073214271745,card,53.90,USD,USD
2025-10-30 13:37:41 -0400,charge,#39910,master,online,paid,2025-11-07,2025-11-04,52.85,1.70,51.15,#38067880165633,card,52.85,USD,USD
2025-10-30 13:33:25 -0400,charge,#39909,american_express,online,paid,2025-11-07,2025-11-04,63.19,2.35,60.84,#38073102106881,card,63.19,USD,USD
2025-10-30 13:30:27 -0400,charge,#39702,unknown,online,paid,2025-11-07,2025-11-04,67.90,2.00,65.90,#38045312057601,card,67.90,USD,USD
2025-10-30 13:28:55 -0400,charge,#39670,unknown,online,paid,2025-11-07,2025-11-04,68.73,2.02,66.71,#38066668306689,card,68.73,USD,USD
2025-10-30 13:25:24 -0400,charge,#39616,unknown,online,paid,2025-11-07,2025-11-04,57.72,1.74,55.98,#38065518739713,card,57.72,USD,USD
2025-10-30 13:23:46 -0400,charge,#39908,visa,online,paid,2025-11-07,2025-11-04,63.48,1.99,61.49,#38073020907777,card,63.48,USD,USD
2025-10-30 13:13:50 -0400,charge,#39906,visa,online,paid,2025-11-07,2025-11-04,53.90,1.73,52.17,#38072985911553,card,53.90,USD,USD
2025-10-30 13:00:19 -0400,charge,#39904,american_express,online,paid,2025-11-07,2025-11-04,54.50,2.07,52.43,#38072898584833,card,54.50,USD,USD
2025-10-30 12:53:45 -0400,charge,#39903,visa,online,paid,2025-11-07,2025-11-04,26.90,1.01,25.89,#38072852447489,card,26.90,USD,USD
2025-10-30 12:52:18 -0400,charge,#39902,discover,online,paid,2025-11-07,2025-11-04,103.96,3.06,100.90,#38072811028737,card,103.96,USD,USD
2025-10-30 12:48:21 -0400,charge,#39900,visa,online,paid,2025-11-07,2025-11-04,70.48,2.17,68.31,#38069616509185,card,70.48,USD,USD
2025-10-30 12:36:14 -0400,charge,#39899,visa,online,paid,2025-11-07,2025-11-04,37.94,1.31,36.63,#38072754962689,card,37.94,USD,USD
2025-10-30 12:20:07 -0400,charge,#39898,master,online,paid,2025-11-07,2025-11-04,67.90,2.10,65.80,#38072721015041,card,67.90,USD,USD
2025-10-30 12:17:55 -0400,charge,#39897,master,online,paid,2025-11-07,2025-11-04,67.90,2.10,65.80,#38072716820737,card,67.90,USD,USD
2025-10-30 12:04:03 -0400,charge,#39895,visa,online,paid,2025-11-07,2025-11-04,651.56,21.48,630.08,#38072649842945,card,651.56,USD,USD
2025-10-30 12:02:55 -0400,charge,#39894,visa,online,paid,2025-11-07,2025-11-04,37.94,1.31,36.63,#38072675205377,card,37.94,USD,USD
2025-10-30 11:48:03 -0400,charge,#39892,master,online,paid,2025-11-07,2025-11-04,57.72,1.83,55.89,#38069782479105,card,57.72,USD,USD
2025-10-30 11:42:58 -0400,charge,#39891,discover,online,paid,2025-11-07,2025-11-04,163.91,4.65,159.26,#38072617074945,card,163.91,USD,USD
2025-10-30 11:24:20 -0400,charge,#39889,master,online,paid,2025-11-07,2025-11-04,53.90,1.73,52.17,#38072566415617,card,53.90,USD,USD
2025-10-30 10:57:16 -0400,charge,#39887,master,online,paid,2025-11-07,2025-11-04,53.90,1.73,52.17,#38072502059265,card,53.90,USD,USD
2025-10-30 10:49:47 -0400,charge,#39712,unknown,online,paid,2025-11-07,2025-11-04,91.63,3.14,88.49,#38067536363777,card,91.63,USD,USD
2025-10-30 10:48:40 -0400,charge,#39886,visa,online,paid,2025-11-07,2025-11-04,67.90,2.10,65.80,#38072479875329,card,67.90,USD,USD
2025-10-30 10:43:49 -0400,charge,#39885,visa,online,paid,2025-11-07,2025-11-04,194.04,5.44,188.60,#38072463491329,card,194.04,USD,USD
2025-10-30 10:21:08 -0400,charge,#39883,american_express,online,paid,2025-11-07,2025-11-04,68.31,2.52,65.79,#38072408965377,card,68.31,USD,USD
2025-10-30 10:05:39 -0400,charge,#39882,master,online,paid,2025-11-07,2025-11-04,63.48,1.99,61.49,#38072371282177,card,63.48,USD,USD
2025-10-30 10:04:53 -0400,charge,#39881,master,online,paid,2025-11-07,2025-11-04,67.90,2.10,65.80,#38072369152257,card,67.90,USD,USD
2025-10-30 10:00:17 -0400,charge,#39880,visa,online,paid,2025-11-07,2025-11-04,99.72,2.94,96.78,#38072356765953,card,99.72,USD,USD
2025-10-30 09:58:11 -0400,charge,#39879,visa,online,paid,2025-11-07,2025-11-04,61.11,1.92,59.19,#38072353751297,card,61.11,USD,USD
2025-10-30 09:37:23 -0400,charge,#39878,american_express,online,paid,2025-11-07,2025-11-04,109.62,3.86,105.76,#38072210555137,card,109.62,USD,USD
2025-10-30 09:34:22 -0400,charge,#39877,master,online,paid,2025-11-07,2025-11-04,548.10,32.64,515.46,#38072292704513,shop_pay_installments,548.10,USD,USD
2025-10-30 09:31:37 -0400,charge,#39876,visa,online,paid,2025-11-07,2025-11-04,103.96,3.06,100.90,#38072290181377,card,103.96,USD,USD
2025-10-30 09:31:01 -0400,charge,#39875,visa,online,paid,2025-11-07,2025-11-04,31.61,1.14,30.47,#38072283889921,card,31.61,USD,USD
2025-10-30 09:29:15 -0400,charge,#39874,visa,online,paid,2025-11-07,2025-11-04,68.31,2.11,66.20,#38072257708289,card,68.31,USD,USD
2025-10-30 09:12:52 -0400,charge,#39873,visa,online,paid,2025-11-07,2025-11-04,106.71,3.13,103.58,#38072250597633,card,106.71,USD,USD
2025-10-30 09:01:51 -0400,charge,#39872,visa,online,paid,2025-11-07,2025-11-04,17.89,0.78,17.11,#38072228741377,card,17.89,USD,USD
2025-10-30 09:01:19 -0400,refund,#39557,master,online,paid,2025-11-07,2025-10-30,-47.66,0.00,-47.66,#38063274459393,card,47.66,USD,USD
2025-10-30 08:57:04 -0400,charge,#39871,master,online,paid,2025-11-07,2025-11-04,93.42,2.78,90.64,#38072216518913,card,93.42,USD,USD
2025-10-30 08:47:33 -0400,charge,#39870,master,online,paid,2025-11-07,2025-11-04,87.44,2.62,84.82,#38067664847105,card,87.44,USD,USD
2025-10-30 08:39:46 -0400,charge,#39869,visa,online,paid,2025-11-07,2025-11-04,193.44,11.71,181.73,#38011334328577,shop_pay_installments,193.44,USD,USD
2025-10-30 08:31:14 -0400,charge,#39866,master,online,paid,2025-11-07,2025-11-04,42.85,1.43,41.42,#38070757982465,card,42.85,USD,USD
2025-10-30 08:31:12 -0400,charge,#39865,visa,online,paid,2025-11-07,2025-11-04,109.62,3.20,106.42,#38072159273217,card,109.62,USD,USD
2025-10-30 08:26:21 -0400,charge,#39864,american_express,online,paid,2025-11-07,2025-11-04,37.94,1.54,36.40,#38072152359169,card,37.94,USD,USD
2025-10-30 08:19:33 -0400,charge,#39863,visa,online,paid,2025-11-07,2025-11-04,228.87,6.36,222.51,#38072127914241,card,228.87,USD,USD
2025-10-30 07:56:41 -0400,charge,#39862,visa,online,paid,2025-11-07,2025-11-04,115.43,3.36,112.07,#38072090755329,card,115.43,USD,USD
2025-10-30 07:52:33 -0400,charge,#39860,visa,online,paid,2025-11-07,2025-11-04,34.55,1.21,33.34,#38072081907969,card,34.55,USD,USD
2025-10-30 07:14:48 -0400,charge,#39859,master,online,paid,2025-11-07,2025-11-04,51.81,1.68,50.13,#38072014995713,card,51.81,USD,USD
2025-10-30 06:50:44 -0400,charge,#39858,visa,online,paid,2025-11-07,2025-11-04,102.85,6.37,96.48,#38071965745409,shop_pay_installments,102.85,USD,USD
2025-10-30 06:40:11 -0400,charge,#39857,visa,online,paid,2025-11-07,2025-11-04,54.50,1.74,52.76,#38071946445057,card,54.50,USD,USD
2025-10-30 06:12:34 -0400,charge,#39855,master,online,paid,2025-11-07,2025-11-04,36.23,1.26,34.97,#38071899685121,card,36.23,USD,USD
2025-10-30 05:59:23 -0400,charge,#39854,visa,online,paid,2025-11-07,2025-11-04,97.02,2.88,94.14,#38071878222081,card,97.02,USD,USD
2025-10-30 05:44:39 -0400,charge,#39853,visa,online,paid,2025-11-07,2025-11-04,75.90,2.31,73.59,#38071857348865,card,75.90,USD,USD
2025-10-30 04:41:52 -0400,charge,#39852,master,online,paid,2025-11-07,2025-11-04,55.71,1.77,53.94,#38071752556801,card,55.71,USD,USD
2025-10-30 03:38:36 -0400,charge,#39849,american_express,online,paid,2025-11-07,2025-11-04,72.66,2.66,70.00,#38062822818049,card,72.66,USD,USD
2025-10-30 01:51:46 -0400,charge,#39848,master,online,paid,2025-11-07,2025-11-04,113.98,3.32,110.66,#38071492575489,card,113.98,USD,USD
2025-10-30 01:31:36 -0400,charge,#39847,visa,online,paid,2025-11-07,2025-11-04,135.80,3.90,131.90,#38071461478657,card,135.80,USD,USD
2025-10-30 01:16:55 -0400,charge,#39846,american_express,online,paid,2025-11-07,2025-11-04,53.90,2.05,51.85,#38071437852929,card,53.90,USD,USD
2025-10-30 00:47:42 -0400,charge,#39845,visa,online,paid,2025-11-07,2025-11-04,53.90,1.73,52.17,#38071393190145,card,53.90,USD,USD
2025-10-30 00:46:38 -0400,charge,#39844,master,online,paid,2025-11-07,2025-11-04,72.66,2.23,70.43,#38071390339329,card,72.66,USD,USD
2025-10-30 00:04:13 -0400,charge,#39843,visa,online,paid,2025-11-07,2025-11-04,60.90,1.91,58.99,#38071301898497,card,60.90,USD,USD
2025-10-29 23:53:34 -0400,charge,#39842,visa,online,paid,2025-11-07,2025-11-04,34.55,1.21,33.34,#38071282467073,card,34.55,USD,USD
2025-10-29 23:21:18 -0400,charge,#39840,visa,online,paid,2025-11-07,2025-11-04,61.90,1.94,59.96,#38071218438401,card,61.90,USD,USD
2025-10-29 23:05:00 -0400,charge,#39839,visa,online,paid,2025-11-07,2025-11-04,194.04,5.44,188.60,#38071172825345,card,194.04,USD,USD
2025-10-29 22:52:49 -0400,charge,#39837,master,online,paid,2025-11-07,2025-11-04,53.90,1.73,52.17,#38071157096705,card,53.90,USD,USD
2025-10-29 22:15:05 -0400,charge,#39834,visa,online,paid,2025-11-07,2025-11-04,69.90,2.15,67.75,#38071076290817,card,69.90,USD,USD
2025-10-29 22:02:09 -0400,charge,#39832,visa,online,paid,2025-11-07,2025-11-04,233.92,6.50,227.42,#38071045816577,card,233.92,USD,USD
2025-10-29 21:48:01 -0400,charge,#39831,visa,online,paid,2025-11-07,2025-11-04,77.31,2.35,74.96,#38071008395521,card,77.31,USD,USD
2025-10-29 21:34:13 -0400,charge,#39830,american_express,online,paid,2025-11-07,2025-11-04,57.72,2.18,55.54,#38070867099905,card,57.72,USD,USD
2025-10-29 21:32:49 -0400,charge,#39829,visa,online,paid,2025-11-07,2025-11-04,109.62,3.20,106.42,#38070972612865,card,109.62,USD,USD
2025-10-29 21:12:15 -0400,charge,#39827,visa,online,paid,2025-11-07,2025-11-04,64.48,2.01,62.47,#38070929555713,card,64.48,USD,USD
2025-10-29 20:56:02 -0400,charge,#39826,master,online,paid,2025-11-07,2025-11-04,181.88,5.12,176.76,#38070889447681,card,181.88,USD,USD
2025-10-29 20:53:45 -0400,charge,#39825,master,online,paid,2025-11-07,2025-11-04,113.98,3.32,110.66,#38070885318913,card,113.98,USD,USD
2025-10-29 20:23:59 -0400,charge,#39821,master,online,paid,2025-11-07,2025-11-04,34.55,1.21,33.34,#38070820176129,card,34.55,USD,USD
2025-10-29 20:23:17 -0400,charge,#39820,visa,online,paid,2025-11-07,2025-11-04,37.94,1.31,36.63,#38070819782913,card,37.94,USD,USD
2025-10-29 20:21:54 -0400,charge,#39819,visa,online,paid,2025-11-07,2025-11-04,60.90,1.91,58.99,#38070816768257,card,60.90,USD,USD
2025-10-29 19:51:31 -0400,charge,#39817,master,online,paid,2025-11-07,2025-11-03,40.50,1.37,39.13,#38070742778113,card,40.50,USD,USD
2025-10-29 19:49:50 -0400,charge,#39816,visa,online,paid,2025-11-07,2025-11-03,38.15,1.31,36.84,#38067810140417,card,38.15,USD,USD
2025-10-29 19:48:00 -0400,charge,#39815,visa,online,paid,2025-11-07,2025-11-03,53.90,1.73,52.17,#38070714171649,card,53.90,USD,USD
2025-10-29 19:32:56 -0400,charge,#39814,master,online,paid,2025-11-07,2025-11-03,67.90,2.10,65.80,#38070694052097,card,67.90,USD,USD
2025-10-29 19:28:56 -0400,charge,#39813,master,online,paid,2025-11-07,2025-11-03,51.77,1.67,50.10,#38070515564801,card,51.77,USD,USD
2025-10-29 19:03:47 -0400,charge,#39808,visa,online,paid,2025-11-07,2025-11-03,68.90,2.12,66.78,#38070632644865,card,68.90,USD,USD
2025-10-29 19:00:48 -0400,charge,#39807,visa,online,paid,2025-11-07,2025-11-03,113.98,3.32,110.66,#38070626418945,card,113.98,USD,USD
2025-10-29 18:53:54 -0400,charge,#39806,american_express,online,paid,2025-11-07,2025-11-03,75.90,2.76,73.14,#38070610886913,card,75.90,USD,USD
2025-10-29 18:48:48 -0400,charge,#39804,visa,online,paid,2025-11-07,2025-11-03,28.94,1.06,27.88,#38070596010241,card,28.94,USD,USD
2025-10-29 18:32:12 -0400,charge,#39802,visa,online,paid,2025-11-07,2025-11-03,9.57,0.55,9.02,#38070556262657,card,9.57,USD,USD
2025-10-29 18:31:07 -0400,charge,#39801,master,online,paid,2025-11-07,2025-11-03,37.94,1.31,36.63,#38070554722561,card,37.94,USD,USD
2025-10-29 18:12:50 -0400,charge,#39800,master,online,paid,2025-11-07,2025-11-03,111.48,3.26,108.22,#38070517563649,card,111.48,USD,USD
2025-10-29 17:52:19 -0400,charge,#39799,visa,online,paid,2025-11-07,2025-11-03,103.96,3.06,100.90,#38070471491841,card,103.96,USD,USD
2025-10-29 17:38:26 -0400,charge,#39798,visa,online,paid,2025-11-07,2025-11-03,55.71,1.77,53.94,#38070428041473,card,55.71,USD,USD
2025-10-29 17:31:12 -0400,charge,#39797,visa,online,paid,2025-11-07,2025-11-03,61.90,1.94,59.96,#38070415589633,card,61.90,USD,USD
2025-10-29 17:18:01 -0400,charge,#39525,unknown,online,paid,2025-11-07,2025-11-03,68.73,2.02,66.71,#38062647509249,card,68.73,USD,USD
2025-10-29 17:10:15 -0400,charge,#39794,master,online,paid,2025-11-07,2025-11-03,105.80,3.11,102.69,#38070336815361,card,105.80,USD,USD
2025-10-29 16:53:42 -0400,charge,#39793,visa,online,paid,2025-11-07,2025-11-03,112.75,3.29,109.46,#38070279405825,card,112.75,USD,USD
2025-10-29 16:34:40 -0400,charge,#39790,master,online,paid,2025-11-07,2025-11-03,69.19,2.13,67.06,#38070260203777,card,69.19,USD,USD
2025-10-29 16:25:11 -0400,charge,#39788,master,online,paid,2025-11-07,2025-11-03,139.05,3.99,135.06,#38070240116993,card,139.05,USD,USD
2025-10-29 16:25:07 -0400,charge,#39787,visa,online,paid,2025-11-07,2025-11-03,103.96,3.06,100.90,#38070232645889,card,103.96,USD,USD
2025-10-29 16:01:26 -0400,charge,#39785,american_express,online,paid,2025-11-07,2025-11-03,67.50,2.49,65.01,#38070164816129,card,67.50,USD,USD
2025-10-29 15:49:38 -0400,charge,#39783,master,online,paid,2025-11-07,2025-11-03,67.90,2.10,65.80,#38070142992641,card,67.90,USD,USD
2025-10-29 15:47:10 -0400,charge,#39782,master,online,paid,2025-11-07,2025-11-03,67.90,2.10,65.80,#38070134898945,card,67.90,USD,USD
2025-10-29 15:37:42 -0400,charge,#39780,visa,online,paid,2025-11-07,2025-11-03,35.46,1.24,34.22,#38070088040705,card,35.46,USD,USD
2025-10-29 15:27:14 -0400,charge,#39778,master,online,paid,2025-11-07,2025-11-03,53.90,1.73,52.17,#38070082273537,card,53.90,USD,USD
2025-10-29 14:53:44 -0400,charge,#39777,visa,online,paid,2025-11-07,2025-11-03,53.90,1.73,52.17,#38069992816897,card,53.90,USD,USD
2025-10-29 14:45:50 -0400,charge,#39584,unknown,online,paid,2025-11-07,2025-11-03,91.63,2.59,89.04,#38057312846081,card,91.63,USD,USD
2025-10-29 14:45:11 -0400,charge,#39559,unknown,online,paid,2025-11-07,2025-11-03,53.90,1.65,52.25,#38063328985345,card,53.90,USD,USD
2025-10-29 14:33:15 -0400,charge,#39776,american_express,online,paid,2025-11-07,2025-11-03,80.85,2.93,77.92,#38069606678785,card,80.85,USD,USD
2025-10-29 14:30:58 -0400,charge,#39775,visa,online,paid,2025-11-07,2025-11-03,188.65,5.30,183.35,#38069910339841,card,188.65,USD,USD
2025-10-29 14:27:59 -0400,charge,#39773,visa,online,paid,2025-11-07,2025-11-03,113.98,3.32,110.66,#38069912666369,card,113.98,USD,USD
2025-10-29 14:10:06 -0400,charge,#39772,visa,online,paid,2025-11-07,2025-11-03,97.02,2.88,94.14,#38069866955009,card,97.02,USD,USD
2025-10-29 14:08:54 -0400,charge,#39771,visa,online,paid,2025-11-07,2025-11-03,51.90,1.68,50.22,#38069864268033,card,51.90,USD,USD
2025-10-29 14:02:25 -0400,charge,#39770,master,online,paid,2025-11-07,2025-11-03,56.48,1.79,54.69,#38069841133825,card,56.48,USD,USD
2025-10-29 13:42:57 -0400,charge,#39769,visa,online,paid,2025-11-07,2025-11-03,99.81,6.19,93.62,#38069783167233,shop_pay_installments,99.81,USD,USD
2025-10-29 12:27:56 -0400,charge,#39765,master,online,paid,2025-11-07,2025-11-03,135.50,3.89,131.61,#38069544124673,card,135.50,USD,USD
2025-10-29 12:27:34 -0400,charge,#39764,master,online,paid,2025-11-07,2025-11-03,32.85,1.17,31.68,#38069540749569,card,32.85,USD,USD
2025-10-29 12:26:12 -0400,charge,#39763,visa,online,paid,2025-11-07,2025-11-03,53.90,1.73,52.17,#38069531803905,card,53.90,USD,USD
2025-10-29 12:23:29 -0400,charge,#39762,visa,online,paid,2025-11-07,2025-11-03,69.00,2.13,66.87,#38069526757633,card,69.00,USD,USD
2025-10-29 12:20:29 -0400,charge,#39761,master,online,paid,2025-11-07,2025-11-03,152.78,4.35,148.43,#38069343846657,card,152.78,USD,USD
2025-10-29 12:16:16 -0400,charge,#39760,visa,online,paid,2025-11-07,2025-11-03,122.22,3.54,118.68,#38069498675457,card,122.22,USD,USD
2025-10-29 12:05:38 -0400,charge,#39759,visa,online,paid,2025-11-07,2025-11-03,67.90,2.10,65.80,#38069449654529,card,67.90,USD,USD
2025-10-29 11:58:16 -0400,charge,#39758,visa,online,paid,2025-11-07,2025-11-03,97.02,2.88,94.14,#38069426880769,card,97.02,USD,USD
2025-10-29 11:44:21 -0400,charge,#39757,visa,online,paid,2025-11-07,2025-11-03,212.44,5.93,206.51,#38069405942017,card,212.44,USD,USD
2025-10-29 11:38:41 -0400,charge,#39756,master,online,paid,2025-11-07,2025-11-03,153.90,4.38,149.52,#38069391425793,card,153.90,USD,USD
2025-10-29 11:38:29 -0400,charge,#39755,visa,online,paid,2025-11-07,2025-11-03,67.48,2.09,65.39,#38058843078913,card,67.48,USD,USD
2025-10-29 11:25:26 -0400,charge,#39754,american_express,online,paid,2025-11-07,2025-11-03,183.26,6.25,177.01,#38069350007041,card,183.26,USD,USD
2025-10-29 11:20:41 -0400,charge,#39753,visa,online,paid,2025-11-07,2025-11-03,122.26,3.54,118.72,#38069336211713,card,122.26,USD,USD
2025-10-29 11:18:53 -0400,charge,#39752,visa,online,paid,2025-11-07,2025-11-03,130.78,8.02,122.76,#38069318516993,shop_pay_installments,130.78,USD,USD
2025-10-29 11:02:36 -0400,charge,#39750,visa,online,paid,2025-11-07,2025-11-03,183.70,5.17,178.53,#38069266612481,card,183.70,USD,USD
2025-10-29 11:00:08 -0400,charge,#39749,american_express,online,paid,2025-11-07,2025-11-03,58.21,2.19,56.02,#38069278015745,card,58.21,USD,USD
2025-10-29 10:57:18 -0400,charge,#39748,visa,online,paid,2025-11-07,2025-11-03,109.62,3.20,106.42,#38069265432833,card,109.62,USD,USD
2025-10-29 10:55:28 -0400,charge,#39747,master,online,paid,2025-11-07,2025-11-03,141.93,4.06,137.87,#38069264679169,card,141.93,USD,USD
2025-10-29 10:46:18 -0400,charge,#39745,american_express,online,paid,2025-11-07,2025-11-03,163.90,5.63,158.27,#38069245083905,card,163.90,USD,USD
2025-10-29 10:39:42 -0400,charge,#39744,visa,online,paid,2025-11-07,2025-11-03,54.50,1.74,52.76,#38069221327105,card,54.50,USD,USD
2025-10-29 10:34:27 -0400,charge,#39743,master,online,paid,2025-11-07,2025-11-03,62.92,1.96,60.96,#38069213266177,card,62.92,USD,USD
2025-10-29 10:33:46 -0400,charge,#39742,discover,online,paid,2025-11-07,2025-11-03,89.80,2.68,87.12,#38069159788801,card,89.80,USD,USD
2025-10-29 10:27:36 -0400,charge,#39741,master,online,paid,2025-11-07,2025-11-03,151.42,4.32,147.10,#38069194653953,card,151.42,USD,USD
2025-10-29 10:22:34 -0400,charge,#39739,master,online,paid,2025-11-07,2025-11-03,117.84,3.43,114.41,#38069179449601,card,117.84,USD,USD
2025-10-29 10:21:12 -0400,charge,#39738,visa,online,paid,2025-11-07,2025-11-03,119.50,3.47,116.03,#38069169357057,card,119.50,USD,USD
2025-10-29 10:17:36 -0400,charge,#39736,visa,online,paid,2025-11-07,2025-11-03,53.90,1.73,52.17,#38069134295297,card,53.90,USD,USD
2025-10-29 10:13:27 -0400,charge,#39735,master,online,paid,2025-11-07,2025-11-03,93.42,2.78,90.64,#38069146059009,card,93.42,USD,USD
2025-10-29 09:39:20 -0400,charge,#39734,master,online,paid,2025-11-07,2025-11-03,97.02,2.88,94.14,#38069069742337,card,97.02,USD,USD
2025-10-29 09:25:51 -0400,charge,#39733,visa,online,paid,2025-11-07,2025-11-03,54.50,2.07,52.43,#38069036024065,card,54.50,USD,USD
2025-10-29 09:22:38 -0400,charge,#39732,visa,online,paid,2025-11-07,2025-11-03,33.11,1.18,31.93,#38069028094209,card,33.11,USD,USD
2025-10-29 08:51:16 -0400,charge,#39729,visa,online,paid,2025-11-07,2025-11-03,30.94,1.12,29.82,#38068955840769,card,30.94,USD,USD
2025-10-29 08:32:30 -0400,charge,#39728,master,online,paid,2025-11-07,2025-11-03,55.79,1.77,54.02,#38068849115393,card,55.79,USD,USD
2025-10-29 08:29:19 -0400,charge,#39727,american_express,online,paid,2025-11-07,2025-11-03,206.68,7.02,199.66,#38068900135169,card,206.68,USD,USD
2025-10-29 08:07:09 -0400,charge,#39726,visa,online,paid,2025-11-07,2025-11-03,107.80,3.16,104.64,#38065075552513,card,107.80,USD,USD
2025-10-29 08:06:33 -0400,charge,#39725,visa,online,paid,2025-11-07,2025-11-03,121.80,3.53,118.27,#38068856652033,card,121.80,USD,USD
2025-10-29 07:46:45 -0400,charge,#39722,visa,online,paid,2025-11-07,2025-11-03,28.25,1.05,27.20,#38068809498881,card,28.25,USD,USD
2025-10-29 07:14:58 -0400,charge,#39720,master,online,paid,2025-11-07,2025-11-03,97.02,2.88,94.14,#38068744585473,card,97.02,USD,USD
2025-10-29 06:42:47 -0400,charge,#39719,american_express,online,paid,2025-11-07,2025-11-03,57.39,2.17,55.22,#38068674822401,card,57.39,USD,USD
2025-10-29 06:36:08 -0400,charge,#39718,visa,online,paid,2025-11-07,2025-11-03,70.48,2.17,68.31,#38068659257601,card,70.48,USD,USD
2025-10-29 05:24:29 -0400,charge,#39717,visa,online,paid,2025-11-07,2025-11-03,155.73,4.42,151.31,#38068522778881,card,155.73,USD,USD
2025-10-29 04:19:46 -0400,charge,#39716,american_express,online,paid,2025-11-07,2025-11-03,109.62,3.86,105.76,#38068413759745,card,109.62,USD,USD
2025-10-28 23:37:49 -0400,charge,#39715,master,online,paid,2025-11-07,2025-11-03,113.98,3.32,110.66,#38067867386113,card,113.98,USD,USD
2025-10-28 22:44:28 -0400,charge,#39714,visa,online,paid,2025-11-07,2025-11-03,64.48,2.01,62.47,#38067752665345,card,64.48,USD,USD
2025-10-28 21:12:21 -0400,charge,#39711,master,online,paid,2025-11-07,2025-11-03,515.50,17.05,498.45,#38067535413505,card,515.50,USD,USD
2025-10-28 21:06:14 -0400,charge,#39710,master,online,paid,2025-11-07,2025-11-03,29.54,1.08,28.46,#38067522142465,card,29.54,USD,USD
2025-10-28 21:02:50 -0400,charge,#39709,visa,online,paid,2025-11-07,2025-11-03,61.90,1.94,59.96,#38067508412673,card,61.90,USD,USD
2025-10-28 20:33:13 -0400,charge,#39707,visa,online,paid,2025-11-07,2025-11-03,125.00,3.62,121.38,#38067445203201,card,125.00,USD,USD
2025-10-28 20:05:06 -0400,charge,#39704,visa,online,paid,2025-11-07,2025-11-03,113.36,3.30,110.06,#38067309019393,card,113.36,USD,USD
